Month,LTOTL
11/20/14,229.1
11/27/14,251.968
12/4/14,255.037
12/11/14,254.429
12/18/14,251.94
12/24/14,253.633
12/31/14,259.793
1/8/15,269.243
1/15/15,279.023
1/22/15,286.106
1/29/15,281.794
2/5/15,287.101
2/12/15,289.181
2/19/15,290.398
2/26/15,295.664
3/5/15,294.275
3/12/15,295.035
3/19/15,297.062
3/26/15,297.106
4/2/15,303.551
4/9/15,304.536
4/16/15,304.972
4/23/15,309.964
4/30/15,308.534
5/7/15,307.606
5/14/15,312.243
5/21/15,308.339
5/28/15,306.089
6/4/15,303.347
6/11/15,317.086
6/18/15,316.128
6/25/15,327.256
7/2/15,312.353
7/9/15,311.283
7/16/15,313.743
7/23/15,316.993
7/30/15,322.871
8/6/15,323.154
8/13/15,319.789
8/20/15,328.139
8/27/15,335.294
9/3/15,333.512
9/10/15,348.648
9/17/15,351.439
9/24/15,362.952
10/1/15,356.909
10/8/15,359.599
10/15/15,361.097
10/22/15,373.046
10/29/15,375.113
11/5/15,377.871
11/12/15,391.346
11/19/15,416.919
11/26/15,430.496
12/3/15,430.5
12/10/15,427.171
12/17/15,434.376
12/23/15,435.907
12/30/15,436.195
1/7/16,444.192
1/14/16,452.68
1/21/16,456.437
1/28/16,462.878
2/4/16,459.09
2/11/16,458.506
2/18/16,454.665
2/25/16,458.603
3/3/16,464.537
3/10/16,467.703
3/17/16,466.671
3/24/16,475.088
3/31/16,468.476
4/7/16,471.402
4/14/16,472.699
4/21/16,464.864
4/28/16,464.842
5/5/16,470.832
5/12/16,476.343
5/19/16,513.501
5/26/16,530.475
6/2/16,519.889
6/9/16,528.928
6/16/16,543.033
6/23/16,548.338
6/30/16,570.103
7/7/16,591.504
7/14/16,584.473
7/21/16,558.34
7/28/16,559.884
8/4/16,560.219
8/11/16,555.669
8/18/16,569.083
8/25/16,568.248
9/1/16,552.012
9/8/16,577.188
9/15/16,572.326
9/22/16,576.278
9/29/16,577.348
10/6/16,573.267
10/13/16,582.571
10/20/16,577.63
10/27/16,595.433
11/3/16,595.155
11/10/16,595.236
11/17/16,663.513
11/24/16,679.349
12/1/16,654.424
12/8/16,659.57
12/15/16,685.32
12/22/16,694.795
12/29/16,712.531
1/5/17,814.035
1/12/17,833.412
1/19/17,822.177
1/26/17,824.62
2/2/17,826.266
2/9/17,804.299
2/16/17,838.259
2/23/17,834.291
3/2/17,859.646
3/9/17,855.004
3/16/17,886.172
3/23/17,861.844
3/30/17,858.405
4/6/17,925.031
4/13/17,928.481
4/20/17,930.333
4/27/17,967.18
5/4/17,1018.319
5/11/17,1152.303
5/18/17,1098.805
5/25/17,1162.612
6/1/17,981.324
6/8/17,1219.547
6/15/17,1355.172
6/22/17,1942.471
6/29/17,1996.164
7/6/17,1976.103
7/13/17,2017.109
7/20/17,2058.401
7/27/17,1963.412
8/3/17,1940.563
8/10/17,1930.293
8/17/17,1990.349
8/24/17,1942.656
8/31/17,1999.477
9/7/17,2015.458
9/14/17,2022.366
9/21/17,2072.825
9/28/17,2144.294
10/5/17,2240.606
10/12/17,2356.741
10/19/17,2385.994
10/26/17,2465.736
11/2/17,2657.243
11/9/17,2631.825
11/16/17,2945.715
11/23/17,2888.994
11/30/17,3036.343
12/7/17,2932.788
12/14/17,3056.114
12/21/17,3073.104
12/28/17,3032.247
1/4/18,3054.939
1/11/18,3032.343
1/18/18,3163.414
1/25/18,3095.802
2/1/18,3102.269
2/8/18,3061.314
2/15/18,3071.808
2/21/18,3102.015
3/1/18,3186.243
3/8/18,3215.151
3/15/18,3255.053
3/22/18,3328.25
3/29/18,3370.627
4/5/18,3384.031
4/12/18,3436.613
4/19/18,3423.254
4/26/18,3490.742
5/3/18,3471.84
5/10/18,3696.243
5/17/18,3497.106
5/24/18,3508.704
5/31/18,3609.62
6/7/18,3634.907
6/14/18,3772.866
6/21/18,3729.788
6/28/18,3795.141
7/5/18,3966.865
7/12/18,4040.264
7/19/18,4088.605
7/26/18,4087.828
8/2/18,4033.886
8/9/18,4156.883
8/16/18,4164.29
8/23/18,4275.103
8/30/18,4286.253
9/6/18,4480.38
9/13/18,4626.106
9/20/18,4646.943
9/27/18,4737.559
10/4/18,4819.349
10/10/18,4931.044
10/18/18,4983.025
10/25/18,5190.461
11/1/18,4971.62
11/8/18,5023.286
11/15/18,5067.381
11/22/18,5138.368
11/29/18,5113.782
12/6/18,5087.271
12/13/18,5153.308
12/20/18,5206.415
12/27/18,5170.175
1/3/19,5182.338
1/10/19,5037.881
1/17/19,5083.945
1/24/19,5029.1
1/31/19,4971.704
2/7/19,4866.816
2/14/19,5090.579
2/21/19,5009.048
2/28/19,5102.546
3/7/19,5073.906
3/14/19,5116.775
3/21/19,5242.347
3/28/19,5098.821
4/4/19,5071.261
4/11/19,5141.418
4/18/19,5117.406
4/25/19,5121.206
5/2/19,5170.562
5/9/19,5145.029
5/16/19,5308.38
5/23/19,5184.215
5/29/19,5189.73
6/6/19,5083.324
6/13/19,5340.006
6/20/19,5323.228
6/27/19,5155.778
7/3/19,5259.21
7/11/19,5319.259
7/18/19,5340.36
7/25/19,5201.967
8/1/19,5231.333
8/8/19,5285.407
8/15/19,5387.701
8/22/19,5278.279
8/29/19,5269.824
9/5/19,5418.838
9/12/19,5524.849
9/19/19,5520.314
9/26/19,5465.507
10/3/19,5615.694
10/10/19,5665.571
10/17/19,5995.185
10/24/19,5771.68
10/31/19,5772.244
11/7/19,5914.252
11/14/19,5991.904
11/21/19,5969.569
11/28/19,6061.953
12/5/19,5873.336
12/12/19,5991.152
12/19/19,6056.468
12/26/19,6157.006
1/2/20,6296.537
1/9/20,5926.556
1/16/20,6064.797
1/23/20,5964.038
1/30/20,5866.4
2/6/20,5831.446
2/13/20,6075.581
2/20/20,6067.836
2/27/20,6205.534
3/5/20,5957.517
3/12/20,5948.54
3/19/20,5944.827
3/26/20,5836.592
4/2/20,5929.189
4/9/20,5856.592
4/16/20,6024.03
4/23/20,5896.841
4/30/20,5838.708
5/7/20,5813.573
5/14/20,5972.844
5/21/20,5872.255
5/28/20,5900.22
6/4/20,5981.281
6/11/20,5925.565
6/18/20,5938.395
6/25/20,5860.087
7/2/20,5939.118
7/9/20,5918.993
7/16/20,5948.542
7/23/20,5815.371
7/30/20,5772.799
8/6/20,5823.884
8/13/20,5915.54
8/20/20,5919.716
8/27/20,5916.971
9/3/20,6005.213
9/10/20,6091.297
9/17/20,6251.55
9/24/20,6050.129
10/1/20,6065.614
10/8/20,6127.097
10/15/20,6347.911
10/22/20,6112.471
10/29/20,6079.109
11/5/20,6150.867
11/12/20,6092.999
11/19/20,6063.126
11/26/20,5980.724
12/3/20,6039.994
12/10/20,5969.119
12/17/20,6123.243
12/23/20,6053.832
12/30/20,6005.002
1/7/21,5884.564
1/14/21,5698.862
1/21/21,5644.981
1/28/21,5559.155
2/4/21,5544.789
2/11/21,5519.898
2/18/21,5553.245
2/25/21,5558.275
3/4/21,5537.7
3/11/21,5542.67
3/18/21,5533.175
3/25/21,5450.018
4/1/21,5369.263
4/8/21,5304.533
4/15/21,5349.214
4/22/21,5276.861
4/27/21,5201.209
5/4/21,5212.809
5/11/21,5191.882
5/18/21,5186.328
5/25/21,5075.551
6/1/21,5130.437
6/8/21,5103.284
6/15/21,5402.987
6/22/21,5011.615
6/29/21,4937.821
7/6/21,5015.609
7/13/21,4972.446
7/20/21,4900.633
7/27/21,4834.123
8/3/21,4837.138
8/10/21,4772.312
8/17/21,4813.65
8/24/21,4736.32
8/31/21,4738.949
9/7/21,4831.225
9/14/21,4923.779
9/21/21,4844.82
9/28/21,4790.253
10/5/21,4840.479
10/11/21,4863.438
10/19/21,4870.099
10/26/21,4778.084
11/2/21,4794.679
11/9/21,4784.924
11/16/21,4880.84
11/23/21,4741.052
11/30/21,4727.468
12/7/21,4700.464
12/14/21,4859.482
12/21/21,4894.193
12/28/21,4834.296
1/4/22,4857.691
1/11/22,4620.72
1/18/22,4579.672
1/25/22,4462.065
2/1/22,4533.324
2/8/22,4514.148
2/15/22,4620.822
2/21/22,4469.904
3/1/22,4545.038
3/8/22,4499.648
3/15/22,4728.676
3/22/22,4514.468
3/29/22,4496.46
4/5/22,4546.741
4/12/22,4582.779
4/19/22,4633.301
4/26/22,4540.363
5/3/22,4608.738
5/10/22,4574.808
5/17/22,4627.676
5/24/22,4574.266
5/31/22,4527.141
6/7/22,4583.211
6/14/22,4677.75
6/21/22,4571.331
6/28/22,4584.372
7/5/22,4597.828
7/12/22,4658.15
7/19/22,4641.425
7/26/22,4542.538
8/2/22,4538.144
8/9/22,4490.052
8/16/22,4557.705
8/23/22,4509.987
8/30/22,4527.14
9/6/22,4609.47
9/13/22,4693.379
9/20/22,4684.101
9/27/22,4648.691
10/4/22,4739.076
10/11/22,4847.201
10/18/22,4969.389
10/25/22,4743.42
11/1/22,4820.479
11/8/22,4783.706
11/15/22,5007.741
11/22/22,4807.27
11/29/22,4758.3
12/6/22,4858.59
12/13/22,4866.001
12/20/22,4956.64
12/27/22,4982.757
1/3/23,5103.89
1/10/23,4867.421
1/17/23,4812.614
1/24/23,4741.47
1/31/23,4687.468
2/7/23,4655.456
2/14/23,4891.392
2/21/23,4779.512
2/28/23,4759.848
3/7/23,4763.781
3/14/23,4875.608
3/21/23,4804.412
3/28/23,4740.938
4/4/23,4790.984
4/11/23,4760.296
4/18/23,4864.796
4/25/23,4713.841
5/2/23,4804.412
5/9/23,4734.563
5/16/23,4887.068
5/23/23,4787.912
5/29/23,4745.664
6/6/23,4783.972
6/13/23,4812.986
6/20/23,4765.022
6/27/23,4709.706
7/3/23,4836.508
7/11/23,4785.925
7/18/23,4764.878
7/25/23,4624.764
8/1/23,4660.275
8/8/23,4623.495
8/15/23,4748.468
8/22/23,4646.133
8/29/23,4639.109
9/5/23,4702.098
9/12/23,4796.085
9/19/23,4810.422
9/26/23,4750.233
10/3/23,4814.195
10/10/23,4793.412
10/17/23,4993.884
10/24/23,4792.264
10/31/23,4763.172
11/7/23,4749.819
11/14/23,4962.08
11/21/23,4811.501
11/28/23,4769.814
12/5/23,4788.348
12/12/23,4875.718
12/19/23,4860.1
12/26/23,4840.905
1/2/24,4928.884
1/9/24,4677.126
1/16/24,4692.533
1/23/24,4604.839
1/30/24,4511.307
2/6/24,4457.854
2/13/24,4554.627
2/20/24,4550.658
2/27/24,4558.095
3/5/24,4552.909
3/12/24,4610.134
3/19/24,4633.08
3/26/24,4519.121
4/2/24,4577.881
4/9/24,4571.155
4/16/24,4626.777
4/23/24,4512.635
4/30/24,4479.361
5/7/24,4436.519
5/14/24,4526.094
5/21/24,4434.188
5/28/24,4392.625
6/4/24,4456.152
6/11/24,4486.165
6/18/24,4600.062
6/25/24,4458.446
7/2/24,4495.4
7/9/24,4477.289
7/16/24,4541.955
7/23/24,4444.142
7/30/24,4407.906
8/6/24,4380.507
8/13/24,4452.045
8/20/24,4417.484
8/27/24,4371.424
9/3/24,4462.88
9/10/24,4482.04
9/17/24,4721.919
9/24/24,4479.252
10/1/24,4528.851
10/8/24,4583.189
10/15/24,4804.94
10/22/24,4574.462
10/29/24,4564.401
11/5/24,4550.493
11/12/24,4684.967
11/19/24,4753.778
11/26/24,4626.501
12/3/24,4764.115
12/10/24,4705.472
12/17/24,4865.547
12/24/24,4794.332
12/31/24,4766.505
1/7/25,4713.273
1/14/25,4701.742
1/21/25,4485.609
1/28/25,4470.186
2/4/25,4479.765
2/11/25,4500.017
2/18/25,4585.579
2/25/25,4610.578
3/4/25,4563.721
3/11/25,4560.272
3/18/25,4627.043
3/25/25,4454.796
4/1/25,4475.278
4/8/25,4457.704
4/15/25,4616.782
4/22/25,4516.007
4/29/25,4416.711
5/6/25,4467.825
5/13/25,4503.831
5/20/25,4447.196
5/27/25,4423.23
6/3/25,4504.081
6/10/25,4454.116
6/17/25,4589.309
6/24/25,4416.061
7/1/25,4519.516
7/8/25,4448.188
7/15/25,4529.969
7/22/25,4398.933
7/29/25,4346.27
8/5/25,4407.602
8/12/25,4449.035
8/19/25,4460.087
8/26/25,4393.786
9/2/25,4447.427
9/9/25,4523.743
9/16/25,4728.671
9/23/25,4566.802
9/30/25,4571.263
10/7/25,4635.2
10/14/25,4859.959
10/21/25,4700.72
10/28/25,4625.984
11/4/25,4676.253
11/10/25,4645.585
11/18/25,4780.718
11/25/25,4663.2
12/2/25,4744.095
12/9/25,4726.468
12/16/25,4935.125
12/23/25,4816.698
12/30/25,4848.279
1/6/26,4801.253
1/13/26,4738.308
1/20/26,4647.075
1/27/26,4527.368
2/3/26,4527.072
2/10/26,4532.966
2/17/26,4690.507
2/24/26,4602.813
3/3/26,4634.392
3/10/26,4544.466
3/17/26,4698.3
3/24/26,4575.598
3/31/26,4561.861
4/7/26,4529.017
4/14/26,4747.251
4/21/26,4538.097
4/28/26,4499.145
5/5/26,4554.853
5/12/26,4565.493
5/19/26,4615.808
5/26/26,4511.615
6/2/26,4608.279
6/9/26,4558.761
6/16/26,4776.234
6/23/26,4559.763
6/30/26,4561.278
7/7/26,4655.451
7/14/26,4719.835
7/21/26,4581.972
7/28/26,4520.143
8/4/26,4541.984
8/11/26,4540.219
8/18/26,4611.186
8/25/26,4530.959
9/1/26,4571.787
9/8/26,4604.573
9/15/26,4962.866
9/22/26,4731.166
9/29/26,4691.257
10/6/26,4660.74
10/13/26,4777.21
10/20/26,4736.248
10/27/26,4672.361
11/3/26,4720.433
11/10/26,4682.039
11/17/26,4851.901
11/24/26,4701.234
12/1/26,4787.749
12/8/26,4721.193
12/15/26,5054.644
12/22/26,4891.53
12/29/26,4878.999
1/5/27,4946.468
1/12/27,4719.53
1/19/27,4684.768
1/26/27,4528.792
2/2/27,4582.645
2/9/27,4510.346
2/16/27,4773.337
2/23/27,4519.019
3/2/27,4656.735
3/9/27,4563.259
3/16/27,4838.164
3/23/27,4651.677
3/30/27,4614.207
4/6/27,4588.185
4/13/27,4742.223
4/20/27,4705.537
4/27/27,4647.083
5/4/27,4728.35
5/11/27,4658.866
5/18/27,4758.623
5/25/27,4640.709
6/1/27,4774.715
6/8/27,4722.354
6/15/27,4955.316
6/22/27,4698.326
6/29/27,4702.068
7/6/27,4735.66
7/13/27,4754.228
7/20/27,4671.652
7/27/27,4561.338
8/3/27,4652.147
8/10/27,4580.909
8/17/27,4663.49
8/24/27,4599.134
8/31/27,4585.886
9/7/27,4738.547
9/14/27,4861.251
9/21/27,4739.72
9/28/27,4712.744
10/5/27,4822.36
10/12/27,4858.959
10/19/27,4937.021
10/26/27,4770.447
11/2/27,4792.23
11/9/27,4806.785
11/16/27,5106.269
11/23/27,4834.218
11/30/27,4784.994
12/7/27,4797.836
12/14/27,4992.542
12/21/27,4918.902
12/28/27,4972.604
1/4/28,5074.682
1/11/28,4815.867
1/18/28,4759.767
1/25/28,4574.994
2/1/28,4613.276
2/8/28,4584.961
2/15/28,4775.562
2/22/28,4622.007
2/29/28,4604.934
3/7/28,4581.092
3/14/28,4690.927
3/21/28,4584.646
3/28/28,4551.482
4/4/28,4673.808
4/11/28,4699.13
4/18/28,4718.059
4/25/28,4664.319
5/2/28,4741.263
5/9/28,4669.731
5/16/28,4747.521
5/23/28,4626.527
5/30/28,4613.399
6/6/28,4656.397
6/13/28,4752.535
6/20/28,4664.261
6/27/28,4589.825
7/3/28,4820.592
7/11/28,4685.983
7/18/28,4659.639
7/25/28,4547.839
8/1/28,4623.869
8/8/28,4531.403
8/15/28,4650.736
8/22/28,4576.137
8/29/28,4563.069
9/5/28,4647.032
9/12/28,4797.944
9/19/28,4896.615
9/26/28,4715.617
10/3/28,4847.453
10/10/28,4767.821
10/17/28,5045.168
10/24/28,4808.647
10/31/28,4818.841
11/7/28,4800.595
11/14/28,5065.003
11/21/28,4869.854
11/28/28,4878.437
12/5/28,4950.451
12/12/28,5055.659
12/19/28,5038.284
12/26/28,5063.214
1/2/29,5183.364
1/9/29,4841.69
1/16/29,4898.714
1/23/29,4722.439
1/30/29,4690.322
2/6/29,4698.182
2/13/29,4739.773
2/20/29,4702.506
2/27/29,4760.922
3/6/29,4717.267
3/13/29,4776.071
3/20/29,4714.915
3/27/29,4698.604
4/3/29,4738.27
4/10/29,4644.769
4/17/29,4804.555
4/24/29,4670.416
5/1/29,4754.531
5/8/29,4686.988
5/15/29,4824.347
5/22/29,4646.121
5/29/29,4624.048
6/5/29,4691.413
6/12/29,4738.422
6/19/29,4786.515
6/26/29,4734.482
7/3/29,4913.446
7/10/29,4869.273
7/17/29,4965.029
7/24/29,4862.578
7/31/29,4816.709
8/7/29,4811.76
8/14/29,4936.559
8/21/29,4846.588
8/28/29,4801.358
9/4/29,4933.959
9/11/29,4973.901
9/18/29,5152.776
9/25/29,5009.995
10/2/29,5085.622
10/9/29,4956.417
10/16/29,5296.725
10/23/29,5030.547
10/30/29,5332.94
11/6/29,5254.321
11/13/29,5473.787
11/20/29,5255.424
11/27/29,5053.894
12/4/29,5060.256
12/11/29,5010.567
12/18/29,5199.91
12/24/29,5047.12
12/31/29,5010.536
1/8/30,4872.979
1/15/30,4866.623
1/22/30,4753.972
1/29/30,4614.182
2/5/30,4631.279
2/12/30,4664.602
2/19/30,4675.76
2/26/30,4698.554
3/5/30,4586.622
3/12/30,4608.642
3/19/30,4581.406
3/26/30,4517.233
4/2/30,4624.123
4/9/30,4526.435
4/16/30,4691.124
4/23/30,4564.877
4/30/30,4522.736
5/7/30,4484.897
5/14/30,4579.348
5/21/30,4500.172
5/28/30,4454.908
6/4/30,4525.962
6/11/30,4503.711
6/18/30,4603.3
6/25/30,4433.271
7/2/30,4536.703
7/9/30,4471.453
7/16/30,4544.879
7/23/30,4388.831
7/30/30,4314.969
8/6/30,4264.142
8/13/30,4369.981
8/20/30,4336.13
8/27/30,4312.542
9/3/30,4375.558
9/10/30,4359.611
9/17/30,4554.575
9/24/30,4379.806
10/1/30,4431.394
10/8/30,4385.612
10/15/30,4659.102
10/22/30,4449.292
10/29/30,4408.803
11/5/30,4393.123
11/12/30,4520.722
11/19/30,4511.621
11/26/30,4420.043
12/3/30,4506.21
12/10/30,4494.999
12/17/30,4818.488
12/24/30,4681.443
12/31/30,4756.372
1/7/31,4633.924
1/14/31,4634.258
1/21/31,4513.042
1/28/31,4411.215
2/4/31,4399.463
2/11/31,4296.62
2/18/31,4404.947
2/25/31,4404.379
3/4/31,4404.352
3/11/31,4399.347
3/18/31,4481.174
3/25/31,4343.324
4/1/31,4446.155
4/8/31,4423.093
4/15/31,4503.341
4/22/31,4475.96
4/29/31,4463.596
5/6/31,4497.971
5/13/31,4550.614
5/20/31,4518.095
5/27/31,4482.117
6/3/31,4601.619
6/10/31,4552.795
6/17/31,4722.91
6/24/31,4684.288
7/1/31,4763.69
7/8/31,4751.643
7/15/31,4810.089
7/22/31,4719.711
7/29/31,4709.731
8/5/31,4709.184
8/12/31,4904.841
8/19/31,4974.522
8/26/31,4999.033
9/2/31,5022.7
9/9/31,5007.365
9/16/31,5237.219
9/23/31,5008.451
9/30/31,5088.139
10/7/31,5263.822
10/14/31,5485.968
10/21/31,5387.798
10/28/31,5292.265
11/4/31,5225.827
11/11/31,5265.119
11/18/31,5253.904
11/25/31,5187.255
12/2/31,5199.22
12/9/31,5164.899
12/16/31,5407.774
12/23/31,5293.469
12/30/31,5550.631
1/6/32,5296.305
1/13/32,5218.471
1/20/32,5201.784
1/27/32,5104.856
2/3/32,5115.47
2/10/32,5049.206
2/17/32,5110.448
2/24/32,5041.648
3/2/32,5018.908
3/9/32,4983.574
3/16/32,5034.963
3/23/32,4926.554
3/30/32,4923.593
4/6/32,4965.051
4/13/32,5094.475
4/20/32,5097.74
4/27/32,5133.447
5/4/32,5189.615
5/11/32,5201.413
5/18/32,5267.081
5/25/32,5221.051
6/1/32,5235.837
6/8/32,5132.446
6/15/32,5220.88
6/22/32,5167.926
6/29/32,5228.206
7/6/32,5317.734
7/13/32,5354.609
7/20/32,5379.778
7/27/32,5355.366
8/3/32,5333.281
8/10/32,5310.601
8/17/32,5390.143
8/24/32,5359.691
8/31/32,5402.502
9/7/32,5416.115
9/14/32,5535.075
9/21/32,5466.977
9/28/32,5449.666
10/5/32,5491.238
10/12/32,5501.942
10/19/32,5543.269
10/26/32,5528.391
11/2/32,5551.852
11/9/32,5486.478
11/16/32,5634.441
11/23/32,5550.718
11/30/32,5574.682
12/7/32,5553.682
12/14/32,5642.327
12/21/32,5665.074
12/28/32,5694.395
1/4/33,5779.698
1/11/33,5683.235
1/18/33,5667.489
1/25/33,5614.865
2/1/33,5619.294
2/8/33,5585.652
2/15/33,5675.871
2/22/33,5746.704
3/1/33,6165.231
3/8/33,6615.928
3/15/33,6787.719
3/22/33,6479.248
3/29/33,6321.581
4/5/33,6196.766
4/12/33,6182.791
4/19/33,6209.095
4/26/33,6147.273
5/3/33,6169.097
5/10/33,6063.676
5/17/33,6079.169
5/24/33,6046.308
5/31/33,6037.557
6/7/33,6056.879
6/14/33,6144.137
6/21/33,6099.477
6/28/33,6058.662
7/5/33,6071.607
7/12/33,6134.084
7/19/33,6140.69
7/26/33,6094.126
8/2/33,6106.228
8/9/33,6081.345
8/16/33,6175.65
8/23/33,6147.17
8/30/33,6170.693
9/6/33,6216.301
9/13/33,6313.837
9/20/33,6350.75
9/27/33,6345.969
10/4/33,6399.239
10/11/33,6382.609
10/18/33,6480.004
10/25/33,6450.762
11/1/33,6499.322
11/8/33,6395.881
11/15/33,6601.275
11/22/33,6476.919
11/29/33,6441.605
12/6/33,6482.9
12/13/33,6603.933
12/20/33,6578.307
12/27/33,6569.923
1/3/34,6670.986
1/10/34,6605.939
1/17/34,6654.74
1/24/34,6606.933
1/31/34,6565.654
2/7/34,6520.202
2/14/34,6711.528
2/21/34,6715.129
2/28/34,6886.009
3/7/34,7102.185
3/14/34,7291.35
3/21/34,7267.494
3/28/34,7221.992
4/4/34,7270.08
4/11/34,7336.87
4/18/34,7525.854
4/25/34,7493.637
5/2/34,7601.883
5/9/34,7548.294
5/16/34,7642.594
5/23/34,7613.577
5/30/34,7585.728
6/6/34,7680.584
6/13/34,7832.91
6/20/34,7791.601
6/27/34,7761.825
7/3/34,7779.812
7/11/34,7776.302
7/18/34,7842.1
7/25/34,7812.76
8/1/34,7870.74
8/8/34,7827.447
8/15/34,7957.811
8/22/34,7900.292
8/29/34,7925.389
9/5/34,7926.113
9/12/34,7959.724
9/19/34,7982.831
9/26/34,7933.964
10/3/34,7947.831
10/10/34,7889.599
10/17/34,8062.774
10/24/34,7947.721
10/31/34,7920.456
11/7/34,7907.103
11/14/34,8164.271
11/21/34,8087.983
11/28/34,8029.666
12/5/34,8072.875
12/12/34,8138.771
12/19/34,8178.007
12/26/34,8073.447
1/2/35,8087.928
1/9/35,8143.035
1/16/35,8304.505
1/23/35,8279.292
1/30/35,8304.714
2/6/35,8387.926
2/13/35,8385.525
2/20/35,8507.925
2/27/35,8535.158
3/6/35,8515.936
3/13/35,8567.502
3/20/35,8580.451
3/27/35,8516.769
4/3/35,8553.927
4/10/35,8517.535
4/17/35,8715.251
4/24/35,8725.087
5/1/35,8793.617
5/8/35,8704.519
5/15/35,8866.92
5/22/35,8792.148
5/29/35,8806.844
6/5/35,8895.973
6/12/35,9043.699
6/19/35,9175.072
6/26/35,9094.408
7/3/35,9234.391
7/10/35,9206.798
7/17/35,9287.459
7/24/35,9214.752
7/31/35,9211.723
8/7/35,9233.212
8/14/35,9394.826
8/21/35,9410.088
8/28/35,9420.021
9/4/35,9448.933
9/11/35,9540.246
9/18/35,9667.774
9/25/35,9562.076
10/2/35,9665.286
10/9/35,9692.447
10/16/35,10166.112
10/23/35,10033.179
10/30/35,10051.9
11/6/35,10042.393
11/13/35,10336.706
11/20/35,10282.547
11/27/35,10301.308
12/4/35,10453.804
12/11/35,10587.853
12/18/35,10716.86
12/24/35,10651.133
12/31/35,10690.412
1/8/36,10626.619
1/15/36,10817.904
1/22/36,10758.121
1/29/36,10730.226
2/5/36,10737.472
2/12/36,10822.915
2/19/36,10830.382
2/26/36,10822.85
3/4/36,10790.937
3/11/36,10779.782
3/18/36,10900.773
3/25/36,10800.349
4/1/36,10827.552
4/8/36,10753.862
4/15/36,10958.364
4/22/36,10826.563
4/29/36,10818.949
5/6/36,10798.273
5/13/36,10906.403
5/20/36,10904.773
5/27/36,10907.078
6/3/36,11001.399
6/10/36,11025.829
6/17/36,11167.124
6/24/36,11029.915
7/1/36,11305.417
7/8/36,11227.164
7/15/36,11415.524
7/22/36,11333.503
7/29/36,11301.502
8/5/36,11306.048
8/12/36,11376.51
8/19/36,11385.496
8/26/36,11348.614
9/2/36,11411.506
9/9/36,11440.173
9/16/36,11687.997
9/23/36,11489.021
9/30/36,11525.212
10/7/36,11624.81
10/14/36,11931.633
10/21/36,11769.876
10/28/36,11728.237
11/4/36,11711.594
11/11/36,11797.854
11/18/36,11965.632
11/25/36,11887.553
12/2/36,11964.358
12/9/36,11899.401
12/16/36,12237.856
12/23/36,12053.454
12/30/36,12117.125
1/6/37,12041.436
1/13/37,12076.124
1/20/37,12077.945
1/27/37,11976.796
2/3/37,11964.291
2/10/37,11929.16
2/17/37,12122.447
2/24/37,12043.608
3/3/37,12013.754
3/10/37,11922.472
3/17/37,12153.972
3/24/37,11975.976
3/31/37,11997.742
4/7/37,11991.576
4/14/37,12208.936
4/21/37,12122.36
4/28/37,12103.476
5/5/37,12089.713
5/12/37,12147.424
5/19/37,12182.339
5/26/37,12094.614
6/2/37,12111.89
6/9/37,12094.72
6/16/37,12361.415
6/23/37,12134.369
6/30/37,12154.929
7/7/37,12094.581
7/14/37,12253.031
7/21/37,12148.14
7/28/37,12097.908
8/4/37,12097.846
8/11/37,12072.907
8/18/37,12130.26
8/25/37,12072.838
9/1/37,12110.875
9/8/37,12027.757
9/15/37,12637.773
9/22/37,12482.875
9/29/37,12433.695
10/6/37,12414.641
10/13/37,12432.497
10/20/37,12492.794
10/27/37,12418.559
11/3/37,12368.671
11/10/37,12429.79
11/17/37,12560.973
11/24/37,12416.119
12/1/37,12500.211
12/8/37,12390.848
12/15/37,12582.238
12/22/37,12456.863
12/29/37,12511.142
1/5/38,12491.531
1/12/38,12472.414
1/19/38,12532.554
1/26/38,12434.302
2/2/38,12452.165
2/9/38,12405.149
2/16/38,12661.49
2/23/38,12466.309
3/2/38,12568.539
3/9/38,12519.948
3/16/38,12773.788
3/23/38,12572.903
3/30/38,12559.115
4/6/38,12557.933
4/13/38,12731.769
4/20/38,14041.01
4/27/38,13985.35
5/4/38,13996.008
5/11/38,13963.424
5/18/38,14020.636
5/25/38,13949.018
6/1/38,13978.058
6/8/38,13920.944
6/15/38,14088.038
6/22/38,13965.737
6/29/38,13930.148
7/6/38,13961.577
7/13/38,14054.484
7/20/38,14009.422
7/27/38,13961.404
8/3/38,13948.903
8/10/38,13907.561
8/17/38,13985.514
8/24/38,13906.161
8/31/38,13918.965
9/7/38,13898.595
9/14/38,14132.371
9/21/38,14087.212
9/28/38,14181.675
10/5/38,14337.001
10/12/38,14373.596
10/19/38,14660.042
10/26/38,14588.095
11/2/38,14646.375
11/9/38,14596.699
11/16/38,14953.286
11/23/38,14872.513
11/30/38,14950.838
12/7/38,14999.798
12/14/38,15223.488
12/21/38,15226.798
12/28/38,15169.064
1/4/39,15309.782
1/11/39,15257.089
1/18/39,15414.3
1/25/39,15291.37
2/1/39,15339.192
2/8/39,15411.094
2/15/39,15509.71
2/22/39,15444.607
3/1/39,15582.724
3/8/39,15496.557
3/15/39,15732.961
3/22/39,15663.744
3/29/39,15766.658
4/5/39,15867.336
4/12/39,16102.795
4/19/39,16287.55
4/26/39,16352.155
5/3/39,16450.79
5/10/39,16467.506
5/17/39,16631.835
5/24/39,16620.359
5/31/39,16577.085
6/7/39,16684.992
6/14/39,16928.91
6/21/39,16827.826
6/28/39,16796.836
7/5/39,16784.595
7/12/39,16995.03
7/19/39,17024.892
7/26/39,16991.769
8/2/39,17115.201
8/9/39,17083.784
8/16/39,17249.991
8/23/39,17335.138
8/30/39,17466.285
9/6/39,17748.698
9/13/39,18285.825
9/20/39,18312.932
9/27/39,18256.176
10/4/39,18285.762
10/11/39,18288.101
10/18/39,18466.871
10/25/39,18360.173
11/1/39,18429.234
11/8/39,18259.077
11/15/39,18650.305
11/22/39,18302.561
11/29/39,18331.911
12/6/39,18273.376
12/13/39,18435.573
12/20/39,18570.421
12/27/39,18528.122
1/3/40,18753.366
1/10/40,18659.661
1/17/40,18835.136
1/24/40,18819.415
1/31/40,18872.569
2/7/40,18885.415
2/14/40,19131.35
2/21/40,19023.136
2/28/40,19001.351
3/6/40,19120.562
3/13/40,19285.9
3/20/40,19341.358
3/27/40,19426.814
4/3/40,19367.153
4/10/40,19396.958
4/17/40,19695.584
4/24/40,19665.235
5/1/40,19769.751
5/8/40,19721.318
5/15/40,20125.564
5/22/40,20149.117
5/29/40,20201.203
6/5/40,20346.189
6/12/40,20665.784
6/19/40,20968.839
6/26/40,20942.81
7/3/40,21132.115
7/10/40,21199.417
7/17/40,21422.379
7/24/40,21386.418
7/31/40,21442.267
8/7/40,21480.043
8/14/40,21760.513
8/21/40,21732.898
8/28/40,21775.388
9/4/40,21840.442
9/11/40,21946.687
9/18/40,22165.905
9/25/40,22101.408
10/2/40,22255.859
10/9/40,22222.683
10/16/40,22636.997
10/23/40,22391.821
10/30/40,22489.246
11/6/40,22434.351
11/13/40,22674.88
11/20/40,22677.59
11/27/40,22612.164
12/4/40,22609.782
12/11/40,22643.961
12/18/40,22880.081
12/24/40,22774.506
12/31/40,22892.539
1/8/41,22826.469
1/15/41,23062.026
1/22/41,23036.894
1/29/41,22946.747
2/5/41,22924.379
2/12/41,22992.741
2/19/41,23028.592
2/26/41,23105.413
3/5/41,23187.961
3/12/41,23245.65
3/19/41,23360.403
3/26/41,23155.527
4/2/41,23180.345
4/9/41,23116.18
4/16/41,23497.735
4/23/41,23286.828
4/30/41,23314.269
5/7/41,23237.893
5/14/41,23517.484
5/21/41,23513.775
5/28/41,23396.394
6/4/41,23422.637
6/11/41,23446.307
6/18/41,23673.487
6/25/41,23432.593
7/2/41,23473.553
7/9/41,23408.395
7/16/41,23663.678
7/23/41,23489.185
7/30/41,23433.684
8/6/41,23410.925
8/13/41,23551.539
8/20/41,23531.897
8/27/41,23500.511
9/3/41,23446.132
9/10/41,23442.822
9/17/41,23833.149
9/24/41,23559.379
10/1/41,23745.969
10/8/41,23610.948
10/15/41,24177.284
10/22/41,23860.851
10/29/41,23789.05
11/5/41,23690.464
11/12/41,23714.777
11/19/41,24025.081
11/26/41,23805.175
12/3/41,23763.607
12/10/41,23696.345
12/17/41,24196.363
12/24/41,23963.552
12/31/41,23979.306
1/7/42,23817.107
1/14/42,24066.318
1/21/42,24026.123
1/28/42,23900.64
2/4/42,23893.739
2/11/42,23820.572
2/18/42,24042.58
2/25/42,24038.196
3/4/42,23907.661
3/11/42,23889.264
3/18/42,24346.084
3/25/42,23885.515
4/1/42,23812.596
4/8/42,23805.469
4/15/42,24205.097
4/22/42,23959.619
4/29/42,23948.233
5/6/42,24011.984
5/13/42,24247.839
5/20/42,24153.085
5/27/42,24049.666
6/3/42,24250.022
6/10/42,24162.34
6/17/42,24617.32
6/24/42,24276.919
7/1/42,24443.716
7/8/42,24588.49
7/15/42,24967.325
7/22/42,24714.069
7/29/42,24715.19
8/5/42,24871.046
8/12/42,25075.264
8/19/42,25186.287
8/26/42,25005.45
9/2/42,25035.062
9/9/42,25168.786
9/16/42,25758.757
9/23/42,25216.503
9/30/42,25373.446
10/7/42,25296.498
10/14/42,26092.084
10/21/42,26228.731
10/28/42,26278.579
11/4/42,26289.123
11/11/42,26542.059
11/18/42,26818.465
11/25/42,26743.663
12/2/42,27247.048
12/9/42,27487.53
12/16/42,28055.179
12/23/42,28082.31
12/30/42,28383.233
1/6/43,28227.205
1/13/43,28157.822
1/20/43,28065.49
1/27/43,27820.258
2/3/43,27546.623
2/10/43,27632.515
2/17/43,28173.261
2/24/43,28116.933
3/3/43,27983.381
3/10/43,28102.663
3/17/43,28842.474
3/24/43,28179.278
3/31/43,27936.384
4/7/43,28422.619
4/14/43,29085.633
4/21/43,28439.266
4/28/43,28372.648
5/5/43,28534.058
5/12/43,28128.274
5/19/43,28079.379
5/26/43,28016.301
6/2/43,28136.584
6/9/43,28439.19
6/16/43,29018.832
6/23/43,28830.253
6/30/43,29174.623
7/7/43,29634.804
7/14/43,29809.302
7/21/43,29498.275
7/28/43,29795.254
8/4/43,30047.72
8/11/43,30086.543
8/18/43,30082.642
8/25/43,30441.713
9/1/43,30835.227
9/8/43,30950.585
9/15/43,32160.053
9/22/43,31427.774
9/29/43,31117.593
10/6/43,31143.18
10/13/43,30822.4
10/20/43,30843.563
10/27/43,31065.569
11/3/43,31134.379
11/10/43,31431.387
11/17/43,31871.928
11/24/43,32012.984
12/1/43,32191.832
12/8/43,32690.436
12/15/43,33193.052
12/22/43,33949.542
12/29/43,33819.98
1/5/44,33650.974
1/12/44,33501.198
1/19/44,33734.806
1/26/44,33583.077
2/2/44,33384.923
2/9/44,32523.471
2/16/44,33380.44
2/23/44,33215.828
3/1/44,33035.188
3/8/44,33225.495
3/15/44,33839.154
3/22/44,33726.46
3/29/44,33653.72
4/5/44,33413.183
4/12/44,33854.855
4/19/44,34162.256
4/26/44,34166.978
5/3/44,34245.189
5/10/44,34191.885
5/17/44,35089.799
5/24/44,34951.033
5/31/44,35095.126
6/7/44,35442.154
6/14/44,36264.177
6/21/44,36507.391
6/28/44,35893.642
7/5/44,35295.63
7/12/44,35642.272
7/19/44,35371.711
7/26/44,35318.874
8/2/44,35469.518
8/9/44,35662.63
8/16/44,35968.849
8/23/44,36076.552
8/30/44,36199.271
9/6/44,36433.008
9/13/44,37245.337
9/20/44,37555.516
9/27/44,36956.67
10/4/44,37014.805
10/11/44,37310.378
10/18/44,37895.33
10/25/44,37804.874
11/1/44,38245.561
11/8/44,38490.753
11/15/44,39166.343
11/22/44,39286.613
11/29/44,39506.846
12/6/44,38914.474
12/13/44,39311.616
12/20/44,40230.367
12/27/44,39716.493
1/3/45,39600.924
1/10/45,39219.44
1/17/45,39335.163
1/24/45,39280.912
1/31/45,39433.54
2/7/45,39386.81
2/14/45,39892.479
2/21/45,39771.639
2/28/45,39930.963
3/7/45,39761.408
3/14/45,40214.221
3/21/45,40036.894
3/28/45,39811.564
4/4/45,39919.276
4/11/45,40360.222
4/18/45,40771.39
4/25/45,40944.268
5/2/45,41042.685
5/9/45,40918.58
5/16/45,41380.119
5/23/45,41471.954
5/30/45,41654.812
6/6/45,41579.954
6/13/45,42036.228
6/20/45,42190.217
6/27/45,41693.76
7/3/45,41612.705
7/11/45,41346.362
7/18/45,41680.105
7/25/45,41454.028
8/1/45,41904.879
8/8/45,41783.502
8/15/45,42105.152
8/22/45,42494.072
8/29/45,42259.054
9/5/45,42272.297
9/12/45,43051.01
9/19/45,43328.947
9/26/45,43199.753
10/3/45,43085.753
10/10/45,43059.717
10/17/45,43359.479
10/24/45,43073.36
10/31/45,43323.323
11/7/45,43063.409
11/14/45,44109.413
11/21/45,43772.025
11/28/45,44089.262
12/5/45,43577.083
12/12/45,43710.322
12/19/45,44470.396
12/26/45,44266.429
1/2/46,44427.264
1/9/46,43899.42
1/16/46,43917.012
1/23/46,43732.087
1/30/46,43627.009
2/6/46,43426.715
2/13/46,43581.402
2/20/46,43614.253
2/27/46,43489.673
3/6/46,42955.313
3/13/46,43366.576
3/20/46,43494.37
3/27/46,43815.097
4/3/46,42653.971
4/10/46,42440.87
4/17/46,42809.228
4/24/46,42751.576
5/1/46,42850.086
5/8/46,42761.582
5/15/46,43276.536
5/22/46,42879.957
5/29/46,43150.955
6/5/46,43167.299
6/12/46,43713.764
6/19/46,43637.132
6/26/46,43771.246
7/3/46,43420.59
7/10/46,43697.741
7/17/46,44054.861
7/24/46,44092.961
7/31/46,43982.24
8/7/46,43852.431
8/14/46,44316.235
8/21/46,43942.115
8/28/46,43836.819
9/4/46,43704.533
9/11/46,43809.882
9/18/46,44537.946
9/25/46,44563.434
10/2/46,44097.609
10/9/46,43757.076
10/16/46,44705.117
10/23/46,43684.307
10/30/46,44143.301
11/6/46,44011.942
11/13/46,44903.199
11/20/46,44637.522
11/27/46,44434.971
12/4/46,44631.459
12/11/46,44883.965
12/18/46,44973.183
12/24/46,44973.286
12/31/46,44327.993
1/8/47,44495.351
1/15/47,44714.787
1/22/47,44960.061
1/29/47,45151.818
2/5/47,44402.255
2/12/47,45017.886
2/19/47,45408.202
2/26/47,45869.813
3/5/47,44748.159
3/12/47,44879.601
3/19/47,44514.34
3/26/47,44548.999
4/2/47,43798.014
4/9/47,43863.384
4/16/47,44049.344
4/23/47,43449.661
4/30/47,43546.284
5/7/47,43445.769
5/14/47,44010.763
5/21/47,43614.511
5/28/47,43339.02
6/4/47,43752.289
6/11/47,43557.381
6/18/47,43933.865
6/25/47,43870.804
7/2/47,44071.212
7/9/47,43885.743
7/16/47,44684.305
7/23/47,44192.262
7/30/47,44399.438
8/6/47,44304.343
8/13/47,44923.346
8/20/47,45068.984
8/27/47,44790.206
9/3/47,44968.581
9/10/47,44963.73
9/17/47,45637.754
9/24/47,45459.141
10/1/47,45752.239
10/8/47,45478.141
10/15/47,46476.36
10/22/47,45601.22
10/29/47,45934.473
11/5/47,45688.142
11/12/47,46072.018
11/19/47,46784.567
11/26/47,46352.496
12/3/47,46333.688
12/10/47,46073.961
12/17/47,46931.734
12/24/47,46647.199
12/31/47,46940.135
1/7/48,46052.132
1/14/48,46818.027
1/21/48,46573.276
1/28/48,46696.146
2/4/48,45063.673
2/11/48,45600.25
2/18/48,46189.386
2/25/48,45843.897
3/3/48,45824.947
3/10/48,45219.635
3/17/48,45952.837
3/24/48,45688.26
3/31/48,45846.255
4/7/48,45001.861
4/14/48,45661.072
4/21/48,45258.392
4/28/48,44987.274
5/5/48,44792.718
5/12/48,45244.711
5/19/48,45147.457
5/26/48,45305.124
6/2/48,45446.766
6/9/48,45075.138
6/16/48,46545.627
6/23/48,46273.893
6/30/48,46315.445
7/7/48,46403.243
7/14/48,46940.585
7/21/48,46515.272
7/28/48,46194.76
8/4/48,46289.688
8/11/48,46584.353
8/18/48,46980.944
8/25/48,46516.296
9/1/48,46492.218
9/8/48,46282.562
9/15/48,47408.793
9/22/48,47663.802
9/29/48,48860.616
10/6/48,48325.882
10/13/48,49153.024
10/20/48,49173.759
10/27/48,48799.028
11/3/48,48717.74
11/10/48,48935.06
11/17/48,49659.484
11/24/48,49084.987
12/1/48,48958.454
12/8/48,48761.473
12/15/48,49553.107
12/22/48,49404.778
12/29/48,49224.28
1/5/49,48804.342
1/12/49,48394.385
1/19/49,48340.791
1/26/49,48219.772
2/2/49,48095.745
2/9/49,47870.781
2/16/49,48619.969
2/23/49,47924.263
3/2/49,47678.131
3/9/49,47023.215
3/16/49,48076.408
3/23/49,47823.149
3/30/49,47463.946
4/6/49,47028.309
4/13/49,47341.07
4/20/49,47488.708
4/27/49,46688.741
5/4/49,46520.906
5/11/49,45629.569
5/18/49,46081.212
5/25/49,45053.788
6/1/49,45099.343
6/8/49,44968.372
6/15/49,45521.252
6/22/49,45444.712
6/29/49,44926.165
7/6/49,44620.532
7/13/49,44639.961
7/20/49,44401.129
7/27/49,44126.563
8/3/49,44297.509
8/10/49,44029.185
8/17/49,44243.846
8/24/49,43206.476
8/31/49,43345.927
9/7/49,42789.461
9/14/49,43696.901
9/21/49,43541.758
9/28/49,43669.077
10/5/49,43561.418
10/12/49,43506.031
10/19/49,43808.338
10/26/49,43105.545
11/2/49,43734.125
11/9/49,43293.788
11/16/49,44493.282
11/23/49,43336.963
11/30/49,43415.065
12/7/49,43668.833
12/14/49,44438.265
12/21/49,44713.058
12/28/49,44515.999
1/4/50,44804.295
1/11/50,43797.714
1/18/50,43910.726
1/25/50,43636.832
2/1/50,43807.455
2/8/50,43141.37
2/15/50,44091.337
2/22/50,43154.988
3/1/50,43614.803
3/8/50,43219.344
3/15/50,43827.322
3/22/50,43213.311
3/29/50,43104.107
4/5/50,42823.547
4/12/50,43225.132
4/19/50,43196.407
4/26/50,43043.811
5/3/50,43031.45
5/10/50,42844.555
5/17/50,43386.024
5/24/50,42683.902
5/31/50,42642.377
6/7/50,42927.878
6/14/50,43702.459
6/21/50,43530.781
6/28/50,43466.233
7/5/50,43558.1
7/12/50,43801.588
7/19/50,43774.791
7/26/50,43615.224
8/2/50,43809.201
8/9/50,43753.526
8/16/50,44313.792
8/23/50,43583.019
8/30/50,43581.125
9/6/50,43751.191
9/13/50,44730.356
9/20/50,44370.734
9/27/50,44617.184
10/4/50,44342.957
10/11/50,44336.862
10/18/50,45208.208
10/25/50,44158.393
11/1/50,44212.566
11/8/50,43991.251
11/15/50,45165.957
11/22/50,44492.627
11/29/50,44430.59
12/6/50,44756.507
12/13/50,45475.954
12/20/50,45950.327
12/27/50,45546.103
1/3/51,46060.453
1/10/51,44813.177
1/17/51,45986.816
1/24/51,45447.264
1/31/51,46549.657
2/7/51,46441.873
2/14/51,47150.346
2/21/51,46650.14
2/28/51,46461.344
3/7/51,46136.348
3/14/51,46972.729
3/21/51,47033.727
3/28/51,47092.437
4/4/51,46661.749
4/11/51,46737.953
4/18/51,47445.683
4/25/51,46671.207
5/2/51,46636.325
5/9/51,46392.249
5/16/51,47281.41
5/23/51,46261.052
5/30/51,46064.501
6/6/51,46162.102
6/13/51,46893.558
6/20/51,47775.673
6/27/51,46677.73
7/3/51,46652.948
7/11/51,46834.229
7/18/51,47447.843
7/25/51,46648.479
8/1/51,46981.99
8/8/51,46623.551
8/15/51,47539.772
8/22/51,47033.628
8/29/51,46712.952
9/5/51,46742.161
9/12/51,47550.622
9/19/51,48555.371
9/26/51,47987.563
10/3/51,48041.513
10/10/51,48000.737
10/17/51,49052.679
10/24/51,48086.351
10/31/51,47814.548
11/7/51,47860.988
11/14/51,48767.862
11/21/51,48470.39
11/28/51,48196.281
12/5/51,48580.531
12/12/51,48660.551
12/19/51,49657.639
12/26/51,49030.576
1/2/52,49279.998
1/9/52,48551.277
1/16/52,49046.796
1/23/52,48576.212
1/30/52,48068.156
2/6/52,47932.889
2/13/52,48592.207
2/20/52,48590.443
2/27/52,48516.356
3/5/52,48400.281
3/12/52,48397.343
3/19/52,49825.706
3/26/52,48453.192
4/2/52,48161.495
4/9/52,47873.579
4/16/52,49409.046
4/23/52,48683.278
4/30/52,48263.55
5/7/52,48503.842
5/14/52,48833.6
5/21/52,48616.614
5/28/52,48217.153
6/4/52,48649.381
6/11/52,48705.817
6/18/52,50383.764
6/25/52,48816.141
7/2/52,48946.886
7/9/52,48972.747
7/16/52,49768.309
7/23/52,49295.081
7/30/52,49499.397
8/6/52,48992.617
8/13/52,49478.016
8/20/52,49729.735
8/27/52,49183.531
9/3/52,49418.531
9/10/52,49643.662
9/17/52,51089.797
9/24/52,49962.382
10/1/52,49749.672
10/8/52,49886.534
10/15/52,51011.75
10/22/52,50834.324
10/29/52,50249.211
11/5/52,50616.561
11/12/52,50942.521
11/19/52,51545.722
11/26/52,51107.917
12/3/52,51303.01
12/10/52,51469.883
12/17/52,52841.783
12/23/52,52251.784
12/30/52,51515.298
1/7/53,51306.3
1/14/53,51381.717
1/21/53,51195.991
1/28/53,50856.807
2/4/53,50649.742
2/11/53,50359.582
2/18/53,50439.176
2/25/53,49850.477
3/4/53,49919.194
3/11/53,50032.255
3/18/53,51398.606
3/25/53,49998.852
4/1/53,49308.139
4/8/53,49329.902
4/15/53,50311.262
4/22/53,49607.892
4/29/53,49379.695
5/6/53,49402.284
5/13/53,50245.338
5/20/53,49680.906
5/27/53,49278.933
6/3/53,49152.433
6/10/53,49458.839
6/17/53,51711.85
6/24/53,50391.687
7/1/53,49877.448
7/8/53,49541.997
7/15/53,50168.611
7/22/53,50024.031
7/29/53,49971.994
8/5/53,49627.952
8/12/53,50212.961
8/19/53,50538.523
8/26/53,49706.427
9/2/53,49547.216
9/9/53,49492.44
9/16/53,51029.098
9/23/53,50238.363
9/30/53,50027.499
10/7/53,49604.055
10/14/53,50734.515
10/21/53,50430.328
10/28/53,49962.233
11/4/53,50463.065
11/11/53,50207.629
11/18/53,51365.819
11/25/53,50551.508
12/2/53,50412.426
12/9/53,50506.357
12/16/53,51658.644
12/23/53,51659.816
12/30/53,51351.295
1/6/54,50716.404
1/13/54,50584.13
1/20/54,50944.102
1/27/54,49856.961
2/3/54,49961.323
2/10/54,49880.741
2/17/54,50804.614
2/24/54,49612.204
3/3/54,49752.628
3/10/54,49594.24
3/17/54,51265.973
3/24/54,50107.479
3/31/54,49587.191
4/7/54,49071.877
4/14/54,49873.377
4/21/54,49833.975
4/28/54,49404.151
5/5/54,49283.425
5/12/54,49730.53
5/19/54,49854.386
5/26/54,49366.815
6/2/54,49311.528
6/9/54,49492.758
6/16/54,50739.323
6/23/54,51155.037
6/30/54,49638.385
7/7/54,49286.376
7/14/54,49994.909
7/21/54,49496.141
7/28/54,49034.552
8/4/54,48740.833
8/11/54,48847.992
8/18/54,49260.877
8/25/54,48411.348
9/1/54,48466.184
9/8/54,48091.706
9/15/54,49657.688
9/22/54,48776.502
9/29/54,48672.46
10/6/54,49110.143
10/13/54,49554.673
10/20/54,49637.659
10/27/54,49093.282
11/3/54,49418.644
11/10/54,49334.134
11/17/54,50604.843
11/24/54,49522.513
12/1/54,49897.671
12/8/54,49421.682
12/15/54,50851.13
12/22/54,50377.208
12/29/54,50248.675
1/5/55,50083.934
1/12/55,49917.786
1/19/55,49531.981
1/26/55,48950.848
2/2/55,49333.956
2/9/55,48813.054
2/16/55,49779.2
2/23/55,48719.006
3/2/55,49059.604
3/9/55,48526.431
3/16/55,50598.466
3/23/55,49397.542
3/30/55,48777.487
4/6/55,48677.751
4/13/55,49327.549
4/20/55,49479.216
4/27/55,49012.758
5/4/55,49152.806
5/11/55,48751.506
5/18/55,49425.165
5/25/55,48694.933
6/1/55,48843.145
6/8/55,48418.102
6/15/55,50111.241
6/22/55,49626.97
6/29/55,49238.931
7/6/55,48907.01
7/13/55,49607.177
7/20/55,49790.096
7/27/55,49323.872
8/3/55,49531.321
8/10/55,48997.97
8/17/55,49855.419
8/24/55,48726.686
8/31/55,48723.806
9/7/55,48576.02
9/14/55,50099.668
9/21/55,50124.973
9/28/55,49339.339
10/5/55,49280.621
10/12/55,49913.29
10/19/55,50583.132
10/26/55,49938.971
11/2/55,50385.2
11/9/55,49816.714
11/16/55,51172.137
11/23/55,50091.328
11/30/55,50024.534
12/7/55,50159.813
12/14/55,50929.219
12/21/55,51612.069
12/28/55,51041.499
1/4/56,51082.222
1/11/56,50394.056
1/18/56,50635.788
1/25/56,49965.853
2/1/56,49859.392
2/8/56,49138.224
2/15/56,50365.605
2/22/56,49863.275
2/29/56,49414.333
3/7/56,49038.734
3/14/56,50038.633
3/21/56,50886.333
3/28/56,49420.634
4/4/56,49120.786
4/11/56,49390.364
4/18/56,50120.177
4/25/56,49460.027
5/2/56,49708.384
5/9/56,49260.325
5/16/56,50253.222
5/23/56,49330.502
5/30/56,48933.767
6/6/56,48915.999
6/13/56,49921.75
6/20/56,51465.138
6/27/56,49856.927
7/4/56,49866.861
7/11/56,49865.482
7/18/56,50317.621
7/25/56,49305.331
8/1/56,49397.132
8/8/56,49180.01
8/15/56,50619.218
8/22/56,49985.503
8/29/56,49309.7
9/5/56,49598.526
9/12/56,50362.051
9/19/56,50896.433
9/26/56,50149.049
10/3/56,50358.18
10/10/56,49827.576
10/17/56,51360.071
10/24/56,50430.331
10/31/56,50163.085
11/7/56,50357.798
11/14/56,50783.292
11/21/56,51506.745
11/28/56,50723.606
12/5/56,50777.172
12/12/56,51172.293
12/19/56,52969.933
12/26/56,51364.894
1/2/57,52140.789
1/9/57,50978.045
1/16/57,51629.914
1/23/57,50579.623
1/30/57,50688.912
2/6/57,50313.931
2/13/57,50297.672
2/20/57,50567.062
2/27/57,50098.199
3/6/57,49719.939
3/13/57,50087.671
3/20/57,51973.945
3/27/57,49678.045
4/3/57,50174.075
4/10/57,50016.726
4/17/57,50978.18
4/24/57,50382.335
5/1/57,50866.822
5/8/57,49827.991
5/15/57,50906.762
5/22/57,50130.225
5/29/57,50285.327
6/5/57,49657.788
6/12/57,50702.849
6/19/57,52440.777
6/26/57,50518.272
7/3/57,51014.967
7/10/57,50438.578
7/17/57,51575.899
7/24/57,50356.575
7/31/57,50456.758
8/7/57,49885.664
8/14/57,50765.085
8/21/57,50421.912
8/28/57,50217.909
9/4/57,49742.943
9/11/57,50464.964
9/18/57,52214.173
9/25/57,50716.734
10/2/57,50838.697
10/9/57,50267.788
10/16/57,51776.808
10/23/57,50688.399
10/30/57,50563.026
11/6/57,50590.648
11/13/57,50774.125
11/20/57,51937.782
11/27/57,50873.944
12/4/57,50829.035
12/11/57,51293.529
12/18/57,52841.677
12/25/57,52156.734
12/31/57,51737.814
1/8/58,51361.805
1/15/58,51912.405
1/22/58,51456.265
1/29/58,50550.913
2/5/58,50188.956
2/12/58,50693.663
2/19/58,50643.81
2/26/58,50290.556
3/5/58,50080.118
3/12/58,50416.848
3/19/58,51981.515
3/26/58,50015.185
4/2/58,49855.036
4/9/58,49672.882
4/16/58,51271.817
4/23/58,50195.958
4/30/58,49951.119
5/7/58,49571.687
5/14/58,50486.013
5/21/58,49948.352
5/28/58,49416.888
6/4/58,49693.849
6/11/58,49950.097
6/18/58,52479.394
6/25/58,50639.671
7/2/58,50778.853
7/9/58,50589.784
7/16/58,51580.977
7/23/58,50445.779
7/30/58,50054.207
8/6/58,50216.934
8/13/58,51009.456
8/20/58,50716.827
8/27/58,49993.8
9/3/58,50106.257
9/10/58,50304.39
9/17/58,51431.55
9/24/58,50513.718
10/1/58,50345.225
10/8/58,50084.199
10/15/58,51931.104
10/22/58,51292.753
10/29/58,50589.049
11/5/58,50594.028
11/12/58,50623.674
11/19/58,51937.094
11/26/58,51790.183
12/3/58,51226.742
12/10/58,51133.048
12/17/58,53308.457
12/23/58,52456.292
12/31/58,51754.523
1/7/59,51820.049
1/14/59,52169.959
1/21/59,51770.36
1/28/59,51064.47
2/4/59,50896.15
2/11/59,50586.887
2/18/59,51731.691
2/25/59,50698.203
3/4/59,50837.238
3/11/59,50346.471
3/18/59,52738.174
3/25/59,50781.655
4/1/59,50664.609
4/8/59,50750.842
4/15/59,52366.871
4/22/59,51663.713
4/29/59,50960.341
5/6/59,51120.479
5/13/59,51873.679
5/20/59,51309.941
5/27/59,50718.479
6/3/59,50745.165
6/10/59,50767.408
6/17/59,53242.888
6/24/59,51436.293
7/1/59,51356.101
7/8/59,51347.607
7/15/59,52544.679
7/22/59,51891.888
7/29/59,51158.739
8/5/59,50916.48
8/12/59,51473.724
8/19/59,51616.64
8/26/59,50941.592
9/2/59,51109.565
9/9/59,50466.506
9/16/59,53054.55
9/23/59,52189.674
9/30/59,51264.222
10/7/59,51094.486
10/14/59,52036.948
10/21/59,52169.538
10/28/59,51583.375
11/4/59,51787.302
11/11/59,51750.264
11/18/59,52866.097
11/25/59,51755.718
12/2/59,52195.888
12/9/59,51523.853
12/16/59,53402.835
12/22/59,52984.266
12/30/59,52473.259
1/6/60,53340.35
1/13/60,52193.889
1/20/60,52123.647
1/27/60,50952.502
2/3/60,51031.381
2/10/60,50465.371
2/17/60,51967.311
2/24/60,50423.785
3/2/60,50733.537
3/9/60,49874.382
3/16/60,51643.768
3/23/60,50382.392
3/30/60,50427.827
4/6/60,50169.439
4/13/60,50925.469
4/20/60,51416.26
4/27/60,50908.223
5/4/60,51013.747
5/11/60,51036.86
5/18/60,51223.999
5/25/60,50229.001
6/1/60,50280.241
6/8/60,50539.952
6/15/60,52126.832
6/22/60,52158.116
6/29/60,50836.193
7/6/60,51092.737
7/13/60,51751.044
7/20/60,52506.183
7/27/60,51063.133
8/3/60,51311.37
8/10/60,50963.633
8/17/60,52319.111
8/24/60,50656.932
8/31/60,50725.172
9/7/60,50047.034
9/14/60,51735.718
9/21/60,52098.905
9/28/60,51450.521
10/5/60,50976.83
10/12/60,51405.321
10/19/60,51768.854
10/26/60,51767.927
11/2/60,51995.242
11/9/60,51196.483
11/16/60,52976.569
11/23/60,51301.272
11/30/60,50675.733
12/7/60,50359.54
12/14/60,51045.959
12/21/60,52460.599
12/28/60,51158.719
1/4/61,51440.036
1/11/61,50260.741
1/18/61,50961.962
1/25/61,49648.789
2/1/61,47821
2/8/61,48295
2/15/61,49222
2/22/61,48033
3/1/61,47876
3/8/61,47650
3/15/61,48576
3/22/61,48155
3/29/61,47289
4/5/61,47987
4/12/61,47976
4/19/61,48142
4/26/61,47456
5/3/61,47975
5/10/61,48057
5/17/61,49071
5/24/61,47734
5/31/61,47146
6/7/61,47812
6/14/61,48668
6/21/61,49256
6/28/61,47983
7/5/61,48248
7/12/61,48876
7/19/61,48683
7/26/61,48069
8/2/61,48885
8/9/61,48934
8/16/61,49638
8/23/61,48192
8/30/61,47949
9/6/61,48546
9/13/61,49473
9/20/61,50505
9/27/61,48558
10/4/61,49217
10/11/61,49486
10/18/61,50156
10/25/61,49426
11/1/61,50029
11/8/61,49947
11/15/61,51235
11/22/61,50502
11/29/61,49651
12/6/61,50065
12/13/61,50673
12/20/61,52254
12/27/61,51440
1/3/62,51555
1/10/62,49999
1/17/62,50556
1/24/62,49239
1/31/62,49161
2/7/62,49290
2/14/62,49982
2/21/62,49245
2/28/62,49489
3/7/62,49464
3/14/62,49739
3/21/62,50727
3/28/62,49122
4/4/62,49831
4/11/62,49924
4/18/62,50578
4/25/62,50149
5/2/62,50561
5/9/62,50090
5/16/62,51311
5/23/62,49743
5/30/62,49520
6/6/62,50298
6/13/62,50818
6/20/62,52317
6/27/62,50794
7/4/62,51432
7/11/62,50485
7/18/62,51403
7/25/62,50063
8/1/62,50692
8/8/62,50989
8/15/62,51982
8/22/62,51015
8/29/62,50172
9/5/62,50568
9/12/62,51294
9/19/62,52235
9/26/62,50859
10/3/62,51564
10/10/62,51001
10/17/62,52261
10/24/62,50744
10/31/62,50824
11/7/62,51017
11/14/62,51338
11/21/62,51621
11/28/62,50904
12/5/62,50958
12/12/62,51621
12/19/62,53373
12/26/62,51537
1/2/63,52634
1/9/63,51489
1/16/63,51892
1/23/63,51327
1/30/63,50540
2/6/63,51268
2/13/63,51449
2/20/63,51667
2/27/63,51007
3/6/63,50864
3/13/63,51200
3/20/63,52286
3/27/63,50806
4/3/63,51269
4/10/63,51224
4/17/63,52124
4/24/63,51982
5/1/63,52475
5/8/63,51796
5/15/63,53128
5/22/63,51845
5/29/63,50979
6/5/63,51575
6/12/63,52250
6/19/63,54115
6/26/63,52465
7/3/63,53674
7/10/63,52515
7/17/63,53223
7/24/63,51771
7/31/63,52463
8/7/63,53085
8/14/63,53199
8/21/63,52770
8/28/63,51907
9/4/63,52433
9/11/63,52828
9/18/63,54355
9/25/63,52857
10/2/63,53556
10/9/63,52944
10/16/63,54092
10/23/63,52777
10/30/63,52952
11/6/63,53712
11/13/63,53502
11/20/63,54621
11/27/63,53400
12/4/63,54522
12/11/63,54126
12/18/63,56194
12/25/63,55233
12/31/63,54689
1/8/64,54673
1/15/64,54999
1/22/64,53872
1/29/64,53089
2/5/64,53921
2/12/64,53891
2/19/64,53633
2/26/64,53368
3/4/64,53551
3/11/64,53560
3/18/64,56194
3/25/64,53642
4/1/64,54355
4/8/64,53932
4/15/64,55561
4/22/64,53723
4/29/64,53805
5/6/64,54656
5/13/64,54896
5/20/64,54715
5/27/64,53693
6/3/64,54601
6/10/64,54425
6/17/64,56340
6/24/64,55128
7/1/64,55800
7/8/64,55640
7/15/64,56494
7/22/64,54467
7/29/64,54655
8/5/64,55688
8/12/64,55644
8/19/64,55340
8/26/64,54795
9/2/64,55133
9/9/64,55311
9/16/64,57552
9/23/64,56664
9/30/64,55767
10/7/64,56279
10/14/64,56733
10/21/64,57052
10/28/64,56146
11/4/64,56717
11/11/64,56802
11/18/64,57910
11/25/64,56846
12/2/64,58045
12/9/64,57236
12/16/64,59736
12/23/64,59519
12/30/64,58472
1/6/65,59462
1/13/65,58409
1/20/65,58135
1/27/65,57754
2/3/65,58630
2/10/65,57458
2/17/65,58681
2/24/65,56909
3/3/65,57954
3/10/65,57265
3/17/65,59617
3/24/65,57424
3/31/65,57335
4/7/65,57806
4/14/65,58934
4/21/65,58951
4/28/65,58095
5/5/65,58910
5/12/65,58611
5/19/65,58326
5/26/65,57646
6/2/65,58216
6/9/65,58159
6/16/65,60896
6/23/65,59296
6/30/65,59320
7/7/65,59440
7/14/65,60027
7/21/65,59266
7/28/65,58914
8/4/65,59880
8/11/65,59330
8/18/65,59435
8/25/65,58874
9/1/65,58729
9/8/65,58910
9/15/65,60871
9/22/65,61059
9/29/65,59539
10/6/65,60207
10/13/65,61497
10/20/65,60737
10/27/65,59825
11/3/65,61380
11/10/65,60667
11/17/65,62047
11/24/65,61034
12/1/65,61275
12/8/65,60855
12/15/65,62458
12/22/65,63124
12/29/65,62177
1/5/66,62705
1/12/66,61524
1/19/66,60946
1/26/66,60806
2/2/66,61324
2/9/66,60932
2/16/66,61544
2/23/66,59870
3/2/66,60779
3/9/66,59860
3/16/66,61645
3/23/66,61431
3/30/66,60432
4/6/66,61454
4/13/66,61739
4/20/66,62858
4/27/66,61676
5/4/66,62647
5/11/66,61252
5/18/66,62185
5/25/66,60842
6/1/66,61075
6/8/66,61882
6/15/66,63353
6/22/66,63743
6/29/66,62453
7/6/66,63345
7/13/66,64403
7/20/66,63893
7/27/66,63286
8/3/66,64210
8/10/66,63165
8/17/66,63400
8/24/66,61956
8/31/66,62404
9/7/66,63100
9/14/66,64025
9/21/66,65164
9/28/66,63032
10/5/66,64543
10/12/66,63717
10/19/66,64548
10/26/66,63520
11/2/66,65055
11/9/66,64021
11/16/66,66107
11/23/66,63654
11/30/66,64643
12/7/66,64100
12/14/66,65060
12/21/66,67064
12/28/66,66276
1/4/67,65753
1/11/67,65094
1/18/67,65519
1/25/67,64568
2/1/67,63885
2/8/67,65467
2/15/67,66001
2/22/67,65021
3/1/67,64049
3/8/67,64700
3/15/67,65195
3/22/67,65543
3/29/67,63787
4/5/67,65535
4/12/67,65914
4/19/67,66613
4/26/67,66093
5/3/67,66563
5/10/67,65399
5/17/67,66095
5/24/67,64580
5/31/67,65177
6/7/67,65188
6/14/67,65971
6/21/67,67494
6/28/67,66115
7/5/67,66990
7/12/67,67461
7/19/67,67040
7/26/67,67007
8/2/67,67561
8/9/67,66865
8/16/67,68063
8/23/67,66279
8/30/67,65828
9/6/67,66838
9/13/67,66968
9/20/67,67940
9/27/67,67178
10/4/67,68194
10/11/67,68460
10/18/67,69520
10/25/67,67548
11/1/67,68503
11/8/67,68143
11/15/67,69625
11/22/67,69432
11/29/67,69107
12/6/67,69217
12/13/67,69998
12/20/67,71013
12/27/67,71049
1/3/68,72231
1/10/68,69275
1/17/68,71687
1/24/68,69631
1/31/68,69889
2/7/68,69502
2/14/68,69405
2/21/68,69424
2/28/68,69084
3/6/68,70074
3/13/68,69641
3/20/68,69639
3/27/68,69577
4/3/68,70149
4/10/68,68975
4/17/68,71711
4/24/68,69613
5/1/68,71541
5/8/68,69677
5/15/68,72058
5/22/68,69884
5/29/68,69678
6/5/68,70482
6/12/68,71682
6/19/68,73468
6/26/68,71399
7/3/68,72553
7/10/68,71637
7/17/68,73924
7/24/68,71648
7/31/68,71965
8/7/68,72109
8/14/68,72645
8/21/68,72173
8/28/68,71158
9/4/68,71343
9/11/68,69972
9/18/68,71322
9/25/68,73156
10/2/68,73205
10/9/68,71788
10/16/68,74395
10/23/68,74149
10/30/68,73035
11/6/68,73825
11/13/68,73608
11/20/68,73466
11/27/68,74725
12/4/68,73719
12/11/68,72551
12/18/68,74859
12/25/68,74305
12/31/68,74668
1/8/69,74393
1/15/69,75313
1/22/69,74765
1/29/69,73648
2/5/69,73670
2/12/69,74253
2/19/69,73653
2/26/69,72551
3/5/69,73668
3/12/69,73029
3/19/69,73953
3/26/69,73159
4/2/69,73253
4/9/69,73309
4/16/69,75098
4/23/69,74947
4/30/69,77396
5/7/69,74001
5/14/69,74512
5/21/69,75217
5/28/69,74631
6/4/69,75424
6/11/69,74474
6/18/69,75655
6/25/69,75440
7/2/69,76147
7/9/69,75463
7/16/69,79028
7/23/69,74549
7/30/69,73979
8/6/69,76368
8/13/69,75090
8/20/69,76373
8/27/69,76212
9/3/69,75710
9/10/69,73771
9/17/69,76228
9/24/69,76885
10/1/69,76329
10/8/69,75898
10/15/69,78950
10/22/69,76021
10/29/69,76502
11/5/69,78385
11/12/69,77904
11/19/69,79072
11/26/69,77822
12/3/69,79296
12/10/69,77769
12/17/69,80834
12/24/69,80454
12/31/69,79415
1/7/70,79681
1/14/70,79556
1/21/70,80792
1/28/70,78044
2/4/70,79166
2/11/70,77826
2/18/70,79007
2/25/70,77084
3/4/70,77423
3/11/70,76216
3/18/70,79585
3/25/70,77629
4/1/70,79308
4/8/70,78148
4/15/70,81749
4/22/70,81182
4/29/70,79615
5/6/70,80904
5/13/70,80637
5/20/70,79684
5/27/70,78477
6/3/70,79889
6/10/70,78618
6/17/70,81991
6/24/70,79519
7/1/70,80482
7/8/70,80420
7/15/70,83541
7/22/70,80845
7/29/70,79550
8/5/70,81314
8/12/70,80864
8/19/70,82053
8/26/70,80887
9/2/70,81870
9/9/70,80750
9/16/70,82468
9/23/70,82587
9/30/70,81520
10/7/70,80910
10/14/70,83320
10/21/70,83215
10/28/70,81203
11/4/70,82687
11/11/70,80642
11/18/70,84007
11/25/70,83140
12/2/70,84621
12/9/70,80772
12/16/70,86833
12/23/70,85146
12/30/70,82840
1/6/71,86239
1/13/71,84502
1/20/71,86279
1/27/71,84134
2/3/71,83097
2/10/71,81332
2/17/71,88287
2/24/71,82536
3/3/71,84237
3/10/71,83937
3/17/71,85437
3/24/71,83217
3/31/71,85186
4/7/71,84113
4/14/71,85316
4/21/71,86908
4/28/71,86659
5/5/71,87736
5/12/71,85188
5/19/71,87373
5/26/71,86163
6/2/71,85909
6/9/71,85097
6/16/71,86592
6/23/71,86530
6/30/71,86870
7/7/71,86692
7/14/71,90075
7/21/71,89706
7/28/71,87031
8/4/71,88512
8/11/71,87104
8/18/71,88168
8/25/71,87768
9/1/71,88226
9/8/71,88289
9/15/71,88483
9/22/71,88839
9/29/71,88387
10/6/71,89221
10/13/71,90957
10/20/71,89383
10/27/71,91274
11/3/71,90078
11/10/71,88045
11/17/71,91835
11/24/71,93629
12/1/71,89353
12/8/71,90526
12/15/71,91300
12/22/71,92704
12/29/71,95473
1/5/72,92933
1/12/72,92519
1/19/72,93523
1/26/72,96458
2/2/72,91153
2/9/72,90445
2/16/72,93070
2/23/72,89647
3/1/72,89395
3/8/72,89364
3/15/72,90800
3/22/72,90729
3/29/72,91349
4/5/72,92220
4/12/72,91504
4/19/72,93492
4/26/72,95510
5/3/72,93450
5/10/72,92556
5/17/72,94767
5/24/72,92623
5/31/72,95233
6/7/72,93295
6/14/72,94625
6/21/72,94452
6/28/72,94510
7/5/72,94899
7/12/72,92501
7/19/72,95939
7/26/72,94721
8/2/72,96006
8/9/72,95401
8/16/72,96647
8/23/72,93218
8/30/72,94114
9/6/72,90951
9/13/72,91428
9/20/72,95672
9/27/72,93309
10/4/72,96421
10/11/72,94786
10/18/72,95791
10/25/72,99208
11/1/72,95378
11/8/72,96642
11/15/72,90542
11/22/72,91062
11/29/72,89683
12/6/72,90653
12/13/72,94663
12/20/72,93951
12/27/72,91699
1/3/73,96798
1/10/73,93772
1/17/73,95637
1/24/73,95072
1/31/73,93611
2/7/73,91152
2/14/73,95227
2/21/73,91792
2/28/73,93882
3/7/73,92579
3/14/73,95790
3/21/73,95496
3/28/73,95022
4/4/73,94348
4/11/73,94498
4/18/73,100670
4/25/73,95715
5/2/73,97085
5/9/73,98608
5/16/73,100381
5/23/73,97748
5/30/73,95840
6/6/73,95786
6/13/73,93368
6/20/73,98032
6/27/73,96622
7/4/73,101153
7/11/73,96994
7/18/73,99617
7/25/73,98252
8/1/73,99910
8/8/73,95402
8/15/73,97864
8/22/73,98332
8/29/73,97216
9/5/73,95430
9/12/73,96155
9/19/73,98165
9/26/73,100760
10/3/73,99911
10/10/73,96212
10/17/73,100943
10/24/73,102273
10/31/73,102304
11/7/73,98489
11/14/73,104046
11/21/73,102799
11/28/73,101517
12/5/73,101128
12/12/73,99477
12/19/73,105753
12/26/73,101636
1/2/74,107603
1/9/74,103767
1/16/74,104858
1/23/74,104769
1/30/74,102679
2/6/74,100662
2/13/74,104582
2/20/74,105062
2/27/74,100674
3/6/74,100708
3/13/74,102760
3/20/74,102790
3/27/74,100850
4/3/74,101210
4/10/74,101197
4/17/74,103701
4/24/74,103415
5/1/74,104863
5/8/74,104684
5/15/74,107950
5/22/74,103564
5/29/74,109213
6/5/74,102038
6/12/74,105608
6/19/74,105033
6/26/74,106387
7/3/74,108099
7/10/74,107308
7/17/74,110703
7/24/74,110526
7/31/74,105023
8/7/74,105035
8/14/74,106638
8/21/74,108286
8/28/74,104127
9/4/74,110975
9/11/74,105470
9/18/74,106311
9/25/74,110035
10/2/74,109290
10/9/74,102196
10/16/74,110563
10/23/74,107788
10/30/74,107179
11/6/74,108112
11/13/74,104947
11/20/74,108790
11/27/74,109388
12/4/74,104801
12/11/74,109341
12/18/74,112604
12/25/74,112915
1/1/75,109240
1/8/75,105679
1/15/75,110734
1/22/75,114188
1/29/75,108436
2/5/75,109531
2/12/75,109258
2/19/75,108028
2/26/75,108578
3/5/75,105833
3/12/75,102669
3/19/75,106593
3/26/75,109990
4/2/75,108356
4/9/75,105461
4/16/75,111188
4/23/75,111979
4/30/75,117383
5/7/75,113624
5/14/75,113750
5/21/75,117286
5/28/75,116373
6/4/75,111632
6/11/75,106531
6/18/75,112930
6/25/75,116351
7/2/75,112559
7/9/75,107108
7/16/75,112682
7/23/75,112147
7/30/75,108891
8/6/75,107053
8/13/75,108331
8/20/75,110596
8/27/75,107190
9/3/75,111388
9/10/75,107843
9/17/75,108401
9/24/75,116118
10/1/75,116402
10/8/75,109504
10/15/75,112947
10/22/75,115187
10/29/75,114983
11/5/75,109100
11/12/75,114800
11/19/75,115055
11/26/75,118256
12/3/75,113357
12/10/75,112566
12/17/75,114114
12/24/75,120660
12/31/75,118733
1/7/76,116384
1/14/76,115172
1/21/76,115849
1/28/76,120981
2/4/76,118476
2/11/76,114672
2/18/76,119796
2/25/76,122429
3/3/76,120431
3/10/76,109949
3/17/76,116567
3/24/76,118035
3/31/76,118676
4/7/76,110169
4/14/76,115985
4/21/76,122997
4/28/76,121979
5/5/76,121186
5/12/76,120372
5/19/76,121118
5/26/76,120029
6/2/76,116561
6/9/76,112721
6/16/76,121043
6/23/76,122045
6/30/76,125800
7/7/76,123412
7/14/76,122295
7/21/76,120557
7/28/76,121866
8/4/76,125244
8/11/76,116808
8/18/76,125289
8/25/76,123630
9/1/76,127001
9/8/76,120388
9/15/76,119651
9/22/76,124751
9/29/76,129492
10/6/76,117986
10/13/76,130041
10/20/76,127492
10/27/76,123831
11/3/76,129081
11/10/76,123534
11/17/76,124257
11/24/76,126294
12/1/76,120056
12/8/76,121731
12/15/76,126558
12/22/76,131183
12/29/76,132258
1/5/77,128373
1/12/77,124895
1/19/77,124006
1/26/77,127912
2/2/77,122382
2/9/77,127645
2/16/77,127707
2/23/77,131146
3/2/77,127387
3/9/77,122359
3/16/77,121540
3/23/77,131347
3/30/77,125692
4/6/77,118379
4/13/77,125469
4/20/77,130280
4/27/77,131831
5/4/77,135760
5/11/77,132053
5/18/77,128922
5/25/77,125338
6/1/77,127623
6/8/77,117846
6/15/77,124626
6/22/77,132241
6/29/77,133996
7/6/77,129594
7/13/77,132692
7/20/77,132692
7/27/77,130170
8/3/77,130530
8/10/77,124068
8/17/77,127873
8/24/77,126503
8/31/77,129868
9/7/77,123377
9/14/77,129068
9/21/77,131003
9/28/77,136712
10/5/77,132619
10/12/77,131386
10/19/77,129104
10/26/77,131213
11/2/77,129374
11/9/77,123726
11/16/77,125594
11/23/77,132559
11/30/77,129216
12/7/77,131264
12/14/77,129301
12/21/77,138546
12/28/77,143463
1/4/78,137750
1/11/78,128349
1/18/78,136422
1/25/78,135078
2/1/78,137078
2/8/78,133113
2/15/78,136144
2/22/78,137357
3/1/78,132156
3/8/78,129760
3/15/78,130023
3/22/78,133423
3/29/78,134968
4/5/78,131904
4/12/78,130287
4/19/78,135930
4/26/78,138873
5/3/78,144193
5/10/78,139924
5/17/78,134149
5/24/78,136149
5/31/78,136776
6/7/78,134240
6/14/78,132819
6/21/78,148717
6/28/78,147909
7/5/78,138888
7/12/78,146833
7/19/78,152528
7/26/78,138248
8/2/78,147466
8/9/78,139468
8/16/78,145257
8/23/78,146759
8/30/78,147111
9/6/78,141104
9/13/78,144293
9/20/78,146771
9/27/78,152189
10/4/78,149254
10/11/78,155215
10/18/78,150512
10/25/78,153425
11/1/78,152395
11/8/78,142926
11/15/78,146187
11/22/78,148204
11/29/78,149794
12/6/78,141587
12/13/78,146251
12/20/78,148413
12/27/78,155025
1/3/79,152377
1/10/79,142817
1/17/79,149937
1/24/79,145495
1/31/79,141924
2/7/79,144082
2/14/79,148609
2/21/79,139813
2/28/79,142422
3/7/79,137325
3/14/79,149506
3/21/79,136735
3/28/79,141990
4/4/79,136014
4/11/79,142053
4/18/79,148566
4/25/79,149754
5/2/79,148838
5/9/79,144375
5/16/79,145554
5/23/79,142348
5/30/79,149320
6/6/79,143164
6/13/79,143938
6/20/79,147144
6/27/79,151008
7/4/79,147908
7/11/79,143679
7/18/79,153167
7/25/79,147901
8/1/79,149071
8/8/79,143539
8/15/79,150215
8/22/79,148705
8/29/79,152439
9/5/79,151212
9/12/79,145178
9/19/79,148083
9/26/79,153009
10/3/79,148789
10/10/79,154076
10/17/79,157673
10/24/79,152324
10/31/79,155195
11/7/79,148990
11/14/79,155464
11/21/79,155469
11/28/79,156784
12/5/79,155982
12/12/79,156034
12/19/79,155494
12/26/79,155162
1/2/80,164171
1/9/80,157973
1/16/80,155230
1/23/80,157734
1/30/80,149509
2/6/80,151578
2/13/80,158844
2/20/80,162028
2/27/80,152488
3/5/80,153809
3/12/80,149444
3/19/80,151448
3/26/80,157359
4/2/80,151920
4/9/80,152617
4/16/80,159239
4/23/80,160058
4/30/80,160601
5/7/80,156467
5/14/80,160987
5/21/80,157938
5/28/80,165586
6/4/80,160391
6/11/80,158074
6/18/80,160944
6/25/80,157451
7/2/80,161308
7/9/80,160686
7/16/80,165569
7/23/80,162953
7/30/80,159029
8/6/80,149710
8/13/80,154801
8/20/80,161159
8/27/80,158206
9/3/80,157783
9/10/80,163381
9/17/80,159534
9/24/80,161634
10/1/80,164548
10/8/80,154799
10/15/80,162117
10/22/80,162914
10/29/80,161711
11/5/80,164815
11/12/80,162491
11/19/80,165210
11/26/80,163153
12/3/80,155091
12/10/80,157089
12/17/80,168209
12/24/80,166349
12/31/80,166345
1/7/81,160863
1/14/81,163585
1/21/81,156259
1/28/81,155551
2/4/81,157933
2/11/81,160332
2/18/81,162546
2/25/81,161911
3/4/81,164836
3/11/81,156478
3/18/81,161923
3/25/81,162949
4/1/81,160278
4/8/81,160812
4/15/81,165644
4/22/81,169557
4/29/81,175135
5/6/81,163905
5/13/81,161365
5/20/81,165962
5/27/81,160898
6/3/81,168275
6/10/81,159591
6/17/81,170007
6/24/81,163208
7/1/81,166907
7/8/81,168398
7/15/81,167750
7/22/81,173539
7/29/81,165051
8/5/81,168483
8/12/81,164349
8/19/81,166803
8/26/81,162167
9/2/81,165491
9/9/81,165755
9/16/81,165051
9/23/81,166423
9/30/81,166881
10/7/81,157460
10/14/81,169031
10/21/81,172009
10/28/81,163539
11/4/81,169129
11/11/81,165845
11/18/81,167982
11/25/81,168518
12/2/81,171354
12/9/81,171978
12/16/81,172637
12/23/81,177708
12/30/81,175359
1/6/82,171813
1/13/82,170894
1/20/82,177629
1/27/82,172342
2/3/82,177196
2/10/82,168004
2/17/82,176295
2/24/82,165977
3/3/82,172832
3/10/82,166556
3/17/82,169531
3/24/82,166970
3/31/82,167186
4/7/82,167643
4/14/82,168416
4/21/82,175023
4/28/82,177721
5/5/82,170703
5/12/82,171267
5/19/82,171353
5/26/82,167000
6/2/82,176021
6/9/82,172022
6/16/82,172579
6/23/82,171297
6/30/82,168385
7/7/82,175120
7/14/82,170562
7/21/82,172948
7/28/82,172937
8/4/82,174156
8/11/82,172858
8/18/82,173326
8/25/82,175194
9/1/82,175055
9/8/82,173066
9/15/82,174840
9/22/82,173389
9/29/82,170671
10/6/82,170675
10/13/82,176260
10/20/82,181319
10/27/82,173830
11/3/82,176536
11/10/82,177011
11/17/82,175821
11/24/82,176108
12/1/82,180409
12/8/82,176446
12/15/82,184290
12/22/82,180143
12/29/82,184666
1/5/83,181757
1/12/83,182736
1/19/83,182628
1/26/83,176950
2/2/83,177147
2/9/83,175437
2/16/83,178503
2/23/83,182702
3/2/83,182314
3/9/83,175080
3/16/83,179499
3/23/83,177262
3/30/83,176940
4/6/83,179169
4/13/83,177021
4/20/83,181881
4/27/83,186195
5/4/83,180529
5/11/83,178715
5/18/83,182208
5/25/83,181179
6/1/83,189250
6/8/83,180912
6/15/83,184298
6/22/83,185456
6/29/83,182032
7/6/83,187356
7/13/83,187470
7/20/83,190274
7/27/83,183028
8/3/83,187330
8/10/83,185566
8/17/83,186008
8/24/83,183323
8/31/83,188062
9/7/83,191251
9/14/83,186424
9/21/83,194985
9/28/83,190445
10/5/83,190158
10/12/83,194569
10/19/83,190177
10/26/83,187671
11/2/83,188000
11/9/83,185562
11/16/83,189376
11/23/83,192091
11/30/83,189636
12/7/83,189953
12/14/83,192600
12/21/83,195608
12/28/83,196284
1/4/84,202919
1/11/84,198760
1/18/84,197209
1/25/84,194746
2/1/84,191942
2/8/84,187807
2/15/84,189797
2/22/84,190645
2/29/84,182284
3/7/84,186084
3/14/84,194689
3/21/84,191108
3/28/84,185156
4/4/84,192317
4/11/84,192184
4/18/84,196334
4/25/84,204775
5/2/84,206267
5/9/84,198486
5/16/84,192673
5/23/84,191181
5/30/84,196864
6/6/84,194929
6/13/84,193208
6/20/84,202504
6/27/84,193787
7/4/84,199734
7/11/84,198463
7/18/84,201422
7/25/84,193753
8/1/84,198988
8/8/84,196235
8/15/84,194197
8/22/84,194038
8/29/84,192840
9/5/84,198779
9/12/84,200150
9/19/84,200945
9/26/84,198979
10/3/84,199774
10/10/84,200233
10/17/84,199445
10/24/84,191955
10/31/84,193889
11/7/84,203159
11/14/84,202212
11/21/84,201224
11/28/84,199674
12/5/84,199150
12/12/84,202010
12/19/84,203883
12/26/84,203249
1/2/85,214418
1/9/85,201400
1/16/85,206195
1/23/85,198642
1/30/85,197857
2/6/85,199448
2/13/85,200743
2/20/85,204336
2/27/85,197121
3/6/85,202233
3/13/85,205101
3/20/85,199778
3/27/85,199038
4/3/85,200216
4/10/85,206529
4/17/85,208226
4/24/85,209376
5/1/85,220757
5/8/85,211764
5/15/85,208786
5/22/85,208745
5/29/85,207276
6/5/85,209110
6/12/85,207425
6/19/85,209916
6/26/85,206378
7/3/85,211987
7/10/85,209655
7/17/85,213735
7/24/85,207212
7/31/85,209326
8/7/85,209157
8/14/85,212708
8/21/85,208228
8/28/85,209998
9/4/85,217421
9/11/85,216000
9/18/85,211931
9/25/85,217134
10/2/85,212785
10/9/85,216176
10/16/85,217488
10/23/85,216727
10/30/85,204562
11/6/85,218577
11/13/85,223112
11/20/85,211008
11/27/85,212008
12/4/85,229870
12/11/85,223857
12/18/85,227117
12/25/85,225118
12/31/85,232490
1/8/86,222157
1/15/86,225812
1/22/86,234760
1/29/86,225308
2/5/86,220763
2/12/86,220194
2/19/86,224101
2/26/86,218469
3/5/86,218357
3/12/86,224746
3/19/86,217679
3/26/86,221034
4/2/86,220788
4/9/86,220981
4/16/86,226173
4/23/86,231305
4/30/86,229310
5/7/86,227042
5/14/86,224179
5/21/86,228212
5/28/86,229959
6/4/86,227895
6/11/86,224201
6/18/86,230029
6/25/86,225263
7/2/86,229104
7/9/86,229451
7/16/86,237004
7/23/86,226844
7/30/86,228468
8/6/86,228723
8/13/86,228741
8/20/86,227895
8/27/86,229123
9/3/86,234837
9/10/86,236656
9/17/86,232753
9/24/86,233647
10/1/86,232101
10/8/86,233520
10/15/86,238904
10/22/86,240743
10/29/86,232816
11/5/86,238003
11/12/86,238215
11/19/86,246050
11/26/86,238158
12/3/86,241711
12/10/86,243130
12/17/86,250575
12/24/86,249145
12/31/86,262276
1/7/87,249248
1/14/87,249537
1/21/87,254195
1/28/87,253235
2/4/87,242927
2/11/87,238563
2/18/87,244262
2/25/87,235101
3/4/87,239291
3/11/87,243615
3/18/87,239054
3/25/87,238208
4/1/87,241981
4/8/87,251459
4/15/87,249469
4/22/87,262014
4/29/87,262375
5/6/87,265172
5/13/87,264300
5/20/87,249377
5/27/87,261882
6/3/87,248626
6/10/87,248686
6/17/87,254251
6/24/87,260512
7/1/87,254293
7/8/87,253884
7/15/87,251230
7/22/87,251949
7/29/87,249710
8/5/87,251913
8/12/87,249796
8/19/87,248557
8/26/87,255202
9/2/87,249426
9/9/87,258945
9/16/87,260750
9/23/87,279151
9/30/87,256500
10/7/87,256624
10/14/87,261330
10/21/87,262313
10/28/87,269313
11/4/87,254783
11/11/87,259421
11/18/87,256793
11/25/87,257473
12/2/87,267910
12/9/87,262464
12/16/87,265527
12/23/87,263977
12/30/87,269019
1/6/88,268862
1/13/88,265066
1/20/88,272238
1/27/88,264125
2/3/88,259704
2/10/88,248740
2/17/88,263357
2/24/88,254921
3/2/88,257541
3/9/88,256367
3/16/88,259986
3/23/88,258915
3/30/88,257744
4/6/88,268005
4/13/88,265861
4/20/88,272460
4/27/88,269679
5/4/88,266912
5/11/88,273454
5/18/88,262800
5/25/88,258766
6/1/88,270032
6/8/88,269115
6/15/88,272434
6/22/88,267069
6/29/88,273976
7/6/88,275394
7/13/88,278653
7/20/88,268993
7/27/88,266227
8/3/88,270766
8/10/88,269192
8/17/88,269023
8/24/88,266679
8/31/88,269186
9/7/88,271472
9/14/88,274226
9/21/88,293187
9/28/88,278978
10/5/88,270039
10/12/88,278097
10/19/88,275859
10/26/88,270881
11/2/88,274541
11/9/88,276974
11/16/88,280109
11/23/88,274042
11/30/88,279635
12/7/88,281486
12/14/88,280034
12/21/88,282661
12/28/88,289403
1/4/89,296353
1/11/89,287892
1/18/89,284604
1/25/89,284253
2/1/89,279891
2/8/89,269371
2/15/89,272412
2/22/89,275338
3/1/89,275760
3/8/89,278453
3/15/89,276827
3/22/89,276031
3/29/89,276233
4/5/89,275658
4/12/89,279488
4/19/89,289771
4/26/89,287423
5/3/89,296551
5/10/89,295839
5/17/89,282888
5/24/89,276723
5/31/89,280756
6/7/89,280033
6/14/89,284177
6/21/89,290839
6/28/89,292245
7/5/89,283581
7/12/89,294800
7/19/89,280322
7/26/89,280775
8/2/89,281518
8/9/89,283056
8/16/89,281325
8/23/89,282122
8/30/89,277615
9/6/89,283555
9/13/89,282024
9/20/89,293733
9/27/89,283902
10/4/89,287207
10/11/89,286432
10/18/89,287084
10/25/89,277836
11/1/89,284596
11/8/89,283909
11/15/89,282526
11/22/89,284517
11/29/89,296221
12/6/89,287286
12/13/89,293299
12/20/89,291858
12/27/89,305392
1/3/90,301389
1/10/90,295831
1/17/90,297079
1/24/90,289837
1/31/90,287060
2/7/90,283459
2/14/90,284223
2/21/90,289548
2/28/90,287073
3/7/90,293776
3/14/90,288995
3/21/90,293018
3/28/90,289964
4/4/90,291289
4/11/90,293208
4/18/90,301392
4/25/90,292392
5/2/90,294780
5/9/90,293403
5/16/90,297574
5/23/90,291654
5/30/90,295181
6/6/90,298688
6/13/90,302948
6/20/90,297406
6/27/90,299655
7/4/90,302556
7/11/90,304977
7/18/90,297470
7/25/90,299634
8/1/90,299125
8/8/90,304821
8/15/90,301588
8/22/90,304100
8/29/90,300824
9/5/90,314901
9/12/90,304539
9/19/90,313135
9/26/90,305248
10/3/90,309729
10/10/90,310257
10/17/90,306569
10/24/90,301429
10/31/90,308641
11/7/90,307958
11/14/90,318824
11/21/90,309655
11/28/90,312318
12/5/90,312849
12/12/90,314647
12/19/90,310573
12/26/90,313939
1/2/91,305350
1/9/91,301610
1/16/91,307269
1/23/91,315611
1/30/91,306982
2/6/91,304311
2/13/91,306190
2/20/91,314601
2/27/91,307333
3/6/91,313898
3/13/91,304876
3/20/91,315833
3/27/91,308388
4/3/91,312010
4/10/91,307498
4/17/91,312298
4/24/91,304709
5/1/91,315267
5/8/91,306857
5/15/91,310575
5/22/91,306905
5/29/91,314236
6/5/91,313786
6/12/91,313823
6/19/91,313800
6/26/91,316895
7/3/91,316721
7/10/91,320438
7/17/91,314365
7/24/91,311917
7/31/91,314102
8/7/91,323233
8/14/91,312073
8/21/91,315867
8/28/91,311716
9/4/91,330786
9/11/91,316001
9/18/91,333539
9/25/91,315665
10/2/91,317553
10/9/91,315291
10/16/91,326897
10/23/91,316746
10/30/91,317327
11/6/91,323274
11/13/91,337746
11/20/91,320367
11/27/91,323204
12/4/91,327508
12/11/91,331895
12/18/91,329614
12/25/91,340549
1/1/92,347150
1/8/92,334300
1/15/92,327535
1/22/92,337113
1/29/92,323845
2/5/92,324304
2/12/92,325284
2/19/92,342066
2/26/92,324790
3/4/92,327866
3/11/92,328228
3/18/92,333057
3/25/92,326769
4/1/92,332179
4/8/92,325254
4/15/92,334790
4/22/92,324048
4/29/92,325763
5/6/92,325836
5/13/92,329507
5/20/92,322698
5/27/92,335813
6/3/92,331548
6/10/92,331732
6/17/92,330924
6/24/92,336419
7/1/92,334135
7/8/92,339359
7/15/92,335386
7/22/92,337130
7/29/92,332187
8/5/92,345347
8/12/92,334227
8/19/92,335314
8/26/92,333147
9/2/92,342662
9/9/92,346329
9/16/92,346944
9/23/92,354387
9/30/92,357571
10/7/92,340176
10/14/92,356183
10/21/92,339573
10/28/92,340386
11/4/92,347950
11/11/92,351182
11/18/92,343201
11/25/92,350454
12/2/92,351649
12/9/92,349960
12/16/92,356210
12/23/92,367033
12/30/92,362683
1/6/93,371120
1/13/93,352775
1/20/93,370484
1/27/93,351589
2/3/93,358782
2/10/93,348400
2/17/93,358413
2/24/93,352565
3/3/93,358473
3/10/93,351243
3/17/93,352245
3/24/93,355476
3/31/93,361430
4/7/93,360916
4/14/93,367031
4/21/93,365460
4/28/93,360838
5/5/93,363514
5/12/93,370271
5/19/93,359945
5/26/93,374022
6/2/93,370958
6/9/93,367250
6/16/93,369651
6/23/93,380131
6/30/93,387233
7/7/93,382048
7/14/93,375095
7/21/93,378127
7/28/93,367450
8/4/93,376052
8/11/93,374299
8/18/93,377318
8/25/93,371677
9/1/93,377807
9/8/93,382671
9/15/93,381767
9/22/93,402163
9/29/93,384541
10/6/93,379288
10/13/93,384040
10/20/93,381898
10/27/93,379598
11/3/93,379283
11/10/93,385786
11/17/93,384952
11/24/93,390325
12/1/93,385713
12/8/93,382335
12/15/93,390899
12/22/93,401155
12/29/93,401495
1/5/94,396377
1/12/94,388625
1/19/94,407031
1/26/94,392912
2/2/94,403727
2/9/94,392404
2/16/94,388626
2/23/94,398994
3/2/94,396765
3/9/94,392273
3/16/94,397313
3/23/94,395698
3/30/94,397537
4/6/94,400816
4/13/94,395885
4/20/94,403523
4/27/94,399681
5/4/94,403774
5/11/94,397758
5/18/94,398739
5/25/94,400623
6/1/94,407709
6/8/94,403351
6/15/94,405536
6/22/94,406038
6/29/94,405202
7/6/94,413942
7/13/94,410455
7/20/94,408809
7/27/94,404874
8/3/94,408702
8/10/94,408825
8/17/94,402482
8/24/94,406780
8/31/94,411001
9/7/94,416083
9/14/94,410287
9/21/94,409917
9/28/94,404302
10/5/94,410371
10/12/94,413912
10/19/94,412999
10/26/94,412931
11/2/94,414663
11/9/94,414392
11/16/94,417691
11/23/94,420197
11/30/94,419973
12/7/94,416051
12/14/94,420233
12/21/94,426236
12/28/94,432179
1/4/95,433849
1/11/95,423228
1/18/95,431180
1/25/95,416071
2/1/95,419319
2/8/95,416344
2/15/95,420853
2/22/95,423301
3/1/95,419556
3/8/95,418580
3/15/95,427961
3/22/95,420770
3/29/95,424328
4/5/95,423242
4/12/95,428949
4/19/95,429434
4/26/95,436099
5/3/95,429024
5/10/95,429313
5/17/95,428498
5/24/95,430107
5/31/95,431832
6/7/95,433324
6/14/95,426839
6/21/95,442458
6/28/95,429869
7/5/95,435028
7/12/95,430320
7/19/95,431236
7/26/95,426040
8/2/95,434686
8/9/95,429810
8/16/95,430400
8/23/95,426616
8/30/95,428113
9/6/95,434399
9/13/95,436531
9/20/95,439381
9/27/95,430818
10/4/95,429227
10/11/95,436702
10/18/95,429802
10/25/95,433489
11/1/95,430309
11/8/95,433733
11/15/95,431932
11/22/95,435756
11/29/95,433416
12/6/95,439505
12/13/95,435552
12/20/95,448746
12/27/95,444186
1/3/96,457225
1/10/96,435180
1/17/96,449547
1/24/96,426910
1/31/96,432693
2/7/96,426053
2/14/96,428683
2/21/96,434738
2/28/96,436075
3/6/96,430567
3/13/96,442201
3/20/96,432935
3/27/96,439674
4/3/96,436130
4/10/96,439409
4/17/96,448259
4/24/96,454871
5/1/96,439122
5/8/96,446921
5/15/96,437599
5/22/96,442091
5/29/96,440523
6/5/96,442456
6/12/96,437363
6/19/96,452614
6/26/96,439701
7/3/96,446189
7/10/96,445603
7/17/96,451911
7/24/96,438339
7/31/96,454116
8/7/96,442889
8/14/96,444973
8/21/96,442774
8/28/96,447698
9/4/96,448510
9/11/96,449471
9/18/96,445023
9/25/96,449369
10/2/96,442431
10/9/96,448133
10/16/96,448640
10/23/96,452451
10/30/96,445333
11/6/96,451523
11/13/96,453448
11/20/96,455479
11/27/96,452752
12/4/96,459241
12/11/96,453091
12/18/96,472491
12/25/96,465034
1/1/97,472043
1/8/97,458050
1/15/97,460488
1/22/97,455884
1/29/97,461519
2/5/97,449103
2/12/97,455323
2/19/97,456423
2/26/97,461055
3/5/97,452482
3/12/97,461427
3/19/97,459418
3/26/97,460674
4/2/97,458396
4/9/97,464192
4/16/97,466823
4/23/97,477373
4/30/97,507008
5/7/97,480810
5/14/97,469427
5/21/97,463870
5/28/97,463256
6/4/97,466688
6/11/97,461302
6/18/97,468035
6/25/97,474366
7/2/97,469585
7/9/97,466405
7/16/97,466405
7/23/97,461525
7/30/97,469963
8/6/97,466662
8/13/97,474330
8/20/97,467478
8/27/97,475750
9/3/97,473815
9/10/97,473178
9/17/97,469647
9/24/97,473223
10/1/97,469604
10/8/97,469604
10/15/97,477626
10/22/97,479803
10/29/97,469884
11/5/97,480529
11/12/97,477994
11/19/97,477035
11/26/97,481925
12/3/97,489242
12/10/97,479742
12/17/97,493308
12/24/97,493933
12/31/97,507193
1/7/98,489239
1/14/98,489698
1/21/98,492008
1/28/98,489598
2/4/98,478244
2/11/98,483289
2/18/98,487902
2/25/98,491704
3/4/98,482236
3/11/98,491320
3/18/98,485505
3/25/98,489320
4/1/98,487248
4/8/98,488556
4/15/98,494320
4/22/98,504659
4/29/98,523294
5/6/98,488229
5/13/98,486999
5/20/98,494046
5/27/98,492853
6/3/98,496542
6/10/98,486968
6/17/98,499417
6/24/98,503212
7/1/98,503933
7/8/98,494194
7/15/98,502820
7/22/98,492194
7/29/98,499920
8/5/98,495165
8/12/98,504656
8/19/98,494091
8/26/98,503122
9/2/98,499292
9/9/98,511741
9/16/98,502580
9/23/98,506220
9/30/98,511460
10/7/98,505874
10/14/98,509022
10/21/98,507776
10/28/98,503697
11/4/98,507477
11/11/98,509992
11/18/98,510965
11/25/98,514832
12/2/98,515314
12/9/98,514639
12/16/98,520112
12/23/98,523763
12/30/98,533829
1/6/99,521057
1/13/99,519478
1/20/99,525340
1/27/99,522011
2/3/99,514131
2/10/99,525440
2/17/99,522032
2/24/99,529144
3/3/99,522656
3/10/99,529051
3/17/99,522507
3/24/99,533284
3/31/99,531475
4/7/99,527547
4/14/99,527365
4/21/99,529023
4/28/99,532911
5/5/99,537863
5/12/99,529634
5/19/99,534191
5/26/99,532769
6/2/99,538617
6/9/99,534726
6/16/99,534322
6/23/99,532759
6/30/99,546956
7/7/99,542236
7/14/99,545592
7/21/99,535454
7/28/99,541387
8/4/99,540063
8/11/99,548505
8/18/99,539386
8/25/99,545788
9/1/99,549569
9/8/99,557624
9/15/99,552790
9/22/99,557343
9/29/99,554464
10/6/99,553263
10/13/99,560570
10/20/99,562604
10/27/99,559156
11/3/99,567291
11/10/99,567209
11/17/99,577006
11/24/99,582771
12/1/99,589131
12/8/99,589232
12/15/99,603914
12/22/99,615190
12/29/99,655099
1/5/00,626530
1/12/00,597168
1/19/00,584347
1/26/00,581243
2/2/00,567341
2/9/00,574642
2/16/00,568591
2/23/00,574744
3/1/00,570752
3/8/00,570635
3/15/00,571925
3/22/00,570024
3/29/00,565467
4/5/00,570049
4/12/00,570287
4/19/00,579044
4/26/00,594059
5/3/00,586040
5/10/00,572899
5/17/00,569500
5/24/00,568306
5/31/00,584377
6/7/00,572076
6/14/00,574370
6/21/00,579301
6/28/00,579057
7/5/00,574832
7/12/00,575903
7/19/00,570575
7/26/00,574092
8/2/00,570874
8/9/00,577541
8/16/00,570341
8/23/00,575534
8/30/00,572219
9/6/00,580677
9/13/00,572794
9/20/00,578648
9/27/00,572427
10/4/00,574594
10/11/00,579386
10/18/00,577998
10/25/00,570493
11/1/00,583574
11/8/00,575585
11/15/00,581716
11/22/00,582992
11/29/00,583778
12/6/00,580988
12/13/00,590876
12/20/00,588446
12/27/00,606003
1/3/01,594419
1/10/01,588345
1/17/01,591877
1/24/01,597792
1/31/01,582384
2/7/01,588397
2/14/01,583778
2/21/01,599231
2/28/01,587175
3/7/01,588412
3/14/01,584313
3/21/01,606224
3/28/01,583808
4/4/01,591279
4/11/01,590446
4/18/01,600492
4/25/01,589115
5/2/01,602565
5/9/01,588151
5/16/01,602639
5/23/01,591969
5/30/01,617746
6/6/01,593138
6/13/01,596929
6/20/01,593494
6/27/01,599324
7/4/01,602882
7/11/01,605046
7/18/01,599776
7/25/01,616186
8/1/01,609126
8/8/01,611186
8/15/01,608997
8/22/01,617359
8/29/01,610367
9/5/01,622764
9/12/01,715080
9/19/01,617694
9/26/01,623502
10/3/01,617730
10/10/01,627024
10/17/01,626725
10/24/01,619923
10/31/01,634683
11/7/01,620420
11/14/01,638409
11/21/01,630221
11/28/01,633616
12/5/01,627070
12/12/01,641889
12/19/01,638714
12/26/01,648111
1/2/02,648298
1/9/02,641953
1/16/02,636174
1/23/02,668801
1/30/02,642563
2/6/02,640214
2/13/02,634903
2/20/02,651319
2/27/02,642810
3/6/02,648601
3/13/02,639584
3/20/02,647149
3/27/02,643619
4/3/02,650540
4/10/02,644430
4/17/02,651364
4/24/02,647191
5/1/02,660571
5/8/02,648335
5/15/02,654108
5/22/02,648519
5/29/02,680441
6/5/02,654482
6/12/02,666510
6/19/02,655233
6/26/02,669614
7/3/02,662742
7/10/02,665947
7/17/02,658295
7/24/02,672017
7/31/02,663969
8/7/02,672593
8/14/02,661072
8/21/02,670071
8/28/02,662290
9/4/02,677057
9/11/02,665347
9/18/02,666172
9/25/02,664735
10/2/02,668095
10/9/02,660234
10/16/02,676445
10/23/02,662092
10/30/02,675418
11/6/02,664965
11/13/02,683003
11/20/02,667903
11/27/02,680933
12/4/02,672618
12/11/02,685290
12/18/02,702053
12/25/02,713850
1/1/03,714234
1/8/03,706601
1/15/03,702678
1/22/03,718618
1/29/03,695476
2/5/03,702600
2/12/03,696293
2/19/03,712983
2/26/03,704557
3/5/03,705207
3/12/03,699554
3/19/03,713000
3/26/03,707667
4/2/03,714949
4/9/03,710473
4/16/03,728206
4/23/03,714693
4/30/03,728515
5/7/03,715650
5/14/03,722651
5/21/03,717035
5/28/03,727404
6/4/03,714137
6/11/03,725472
6/18/03,718315
6/25/03,726379
7/2/03,722591
7/9/03,726863
7/16/03,720196
7/23/03,727718
7/30/03,722701
8/6/03,716271
8/13/03,717502
8/20/03,733103
8/27/03,722929
9/3/03,732576
9/10/03,719102
9/17/03,725918
9/24/03,722790
10/1/03,734967
10/8/03,719060
10/15/03,736494
10/22/03,725515
10/29/03,729469
11/5/03,726552
11/12/03,727472
11/19/03,726356
11/26/03,738896
12/3/03,731809
12/10/03,738424
12/17/03,735583
12/24/03,748857
12/31/03,753857
1/7/04,737549
1/14/04,734672
1/21/04,757941
1/28/04,737044
2/4/04,736137
2/11/04,732619
2/18/04,740683
2/25/04,732977
3/3/04,737320
3/10/04,731964
3/17/04,742288
3/24/04,733069
3/31/04,742064
4/7/04,735789
4/14/04,745687
4/21/04,739764
4/28/04,754562
5/5/04,739989
5/12/04,746605
5/19/04,738210
5/26/04,752304
6/2/04,745098
6/9/04,753444
6/16/04,743066
6/23/04,756173
6/30/04,760646
7/7/04,758978
7/14/04,756605
7/21/04,757987
7/28/04,755265
8/4/04,753173
8/11/04,750108
8/18/04,748432
8/25/04,755472
9/1/04,764980
9/8/04,768285
9/15/04,768899
9/22/04,761658
9/29/04,765913
10/6/04,761411
10/13/04,774909
10/20/04,763986
10/27/04,770577
11/3/04,769875
11/10/04,779589
11/17/04,772109
11/24/04,787773
12/1/04,784857
12/8/04,786266
12/15/04,784196
12/22/04,788366
12/29/04,787612
1/5/05,792928
1/12/05,775062
1/19/05,783768
1/26/05,783828
2/2/05,781030
2/9/05,773753
2/16/05,771565
2/23/05,780286
3/2/05,777039
3/9/05,774523
3/16/05,782462
3/23/05,772794
3/30/05,783102
4/6/05,772820
4/13/05,780640
4/20/05,776528
4/27/05,784609
5/4/05,777061
5/11/05,783085
5/18/05,776115
5/25/05,784545
6/1/05,792040
6/8/05,788280
6/15/05,785728
6/22/05,784555
6/29/05,784310
7/6/05,795987
7/13/05,782498
7/20/05,790488
7/27/05,787656
8/3/05,791800
8/10/05,781561
8/17/05,786685
8/24/05,784273
8/31/05,796051
9/7/05,795129
9/14/05,796534
9/21/05,785892
9/28/05,796881
10/5/05,789958
10/12/05,798959
10/19/05,787033
10/26/05,791627
11/2/05,787164
11/9/05,797743
11/16/05,795861
11/23/05,805221
11/30/05,807425
12/7/05,805651
12/14/05,802541
12/21/05,820536
12/28/05,819686
1/4/06,824805
1/11/06,802118
1/18/06,809085
1/25/06,801666
2/1/06,804963
2/8/06,800665
2/15/06,807906
2/22/06,813142
3/1/06,811710
3/8/06,811584
3/15/06,815075
3/22/06,810040
3/29/06,805841
4/5/06,806406
4/12/06,808949
4/19/06,807982
4/26/06,816034
5/3/06,815349
5/10/06,809663
5/17/06,809844
5/24/06,811993
5/31/06,821961
6/7/06,819590
6/14/06,816441
6/21/06,815064
6/28/06,814974
7/5/06,821756
7/12/06,814615
7/19/06,820342
7/26/06,811667
8/2/06,820125
8/9/06,810011
8/16/06,812906
8/23/06,808028
8/30/06,820832
9/6/06,818479
9/13/06,810803
9/20/06,807971
9/27/06,819789
10/4/06,812076
10/11/06,829219
10/18/06,813821
10/25/06,822149
11/1/06,824836
11/8/06,828027
11/15/06,826873
11/22/06,835662
11/29/06,826909
12/6/06,831992
12/13/06,823744
12/20/06,834565
12/27/06,839257
1/3/07,844022
1/10/07,823991
1/17/07,828390
1/24/07,820203
1/31/07,834571
2/7/07,823875
2/14/07,835881
2/21/07,837488
2/28/07,844960
3/7/07,831999
3/14/07,843542
3/21/07,830609
3/28/07,837188
4/4/07,829931
4/11/07,832832
4/18/07,828558
4/25/07,847032
5/2/07,858432
5/9/07,842631
5/16/07,826884
5/23/07,841106
5/30/07,844065
6/6/07,839573
6/13/07,832199
6/20/07,832979
6/27/07,831961
7/4/07,842523
7/11/07,836216
7/18/07,839741
7/25/07,830805
8/1/07,836623
8/8/07,831775
8/15/07,831217
8/22/07,828506
8/29/07,838587
9/5/07,836812
9/12/07,851709
9/19/07,833403
9/26/07,855060
10/3/07,834365
10/10/07,851564
10/17/07,834069
10/24/07,845717
10/31/07,847259
11/7/07,849472
11/14/07,853091
11/21/07,853994
11/28/07,842873
12/5/07,846050
12/12/07,844873
12/19/07,851440
12/26/07,853550
1/2/08,884970
1/9/08,843332
1/16/08,856018
1/23/08,839508
1/30/08,862367
2/6/08,833624
2/13/08,845622
2/20/08,840427
2/27/08,854411
3/5/08,841657
3/12/08,856900
3/19/08,848510
3/26/08,853153
4/2/08,843762
4/9/08,852417
4/16/08,841870
4/23/08,846150
4/30/08,848600
5/7/08,849126
5/14/08,839647
5/21/08,857538
5/28/08,863545
6/4/08,855688
6/11/08,850247
6/18/08,862077
6/25/08,852326
7/2/08,862080
7/9/08,857742
7/16/08,869867
7/23/08,859449
7/30/08,878242
8/6/08,861395
8/13/08,874514
8/20/08,858175
8/27/08,869193
9/3/08,864450
9/10/08,885264
9/17/08,953758
9/24/08,1170066
10/1/08,1462719
10/8/08,1549600
10/15/08,1728951
10/22/08,1762743
10/29/08,1928668
11/5/08,2033049
11/12/08,2170947
11/19/08,2146145
11/26/08,2063231
12/3/08,2094108
12/10/08,2206746
12/17/08,2209679
12/24/08,2189794
12/31/08,2197305
1/7/09,2079109
1/14/09,2007314
1/21/09,1995352
1/28/09,1886373
2/4/09,1810475
2/11/09,1802017
2/18/09,1873869
2/25/09,1873921
3/4/09,1858618
3/11/09,1855606
3/18/09,2021827
3/25/09,2025374
4/1/09,2033396
4/8/09,2042761
4/15/09,2140767
4/22/09,2150811
4/29/09,2019833
5/6/09,2038407
5/13/09,2153258
5/20/09,2137829
5/27/09,2035193
6/3/09,2031998
6/10/09,2006190
6/17/09,2025198
6/24/09,1977676
7/1/09,1957026
7/8/09,1943219
7/15/09,2022977
7/22/09,1988864
7/29/09,1950980
8/5/09,1938807
8/12/09,1965065
8/19/09,2010106
8/26/09,2024333
9/2/09,2032890
9/9/09,2036918
9/16/09,2088503
9/23/09,2107618
9/30/09,2089915
10/7/09,2086998
10/14/09,2140747
10/21/09,2149937
10/28/09,2109020
11/4/09,2113703
11/11/09,2082052
11/18/09,2156893
11/25/09,2153546
12/2/09,2151393
12/9/09,2134232
12/16/09,2183512
12/23/09,2183678
12/30/09,2181947
1/6/10,2183156
1/13/10,2239377
1/20/10,2199819
1/27/10,2194515
2/3/10,2197319
2/10/10,2203855
2/17/10,2225047
2/24/10,2232841
3/3/10,2226872
3/10/10,2229656
3/17/10,2254417
3/24/10,2260111
3/31/10,2254911
4/7/10,2254540
4/14/10,2285005
4/21/10,2283696
4/28/10,2274979
5/5/10,2271825
5/12/10,2281309
5/19/10,2295868
5/26/10,2278993
6/2/10,2281258
6/9/10,2275985
6/16/10,2288364
6/23/10,2288600
6/30/10,2274649
7/7/10,2275083
7/14/10,2284034
7/21/10,2275483
7/28/10,2267183
8/4/10,2269629
8/11/10,2271070
8/18/10,2257141
8/25/10,2244705
9/1/10,2245375
9/8/10,2249187
9/15/10,2239555
9/22/10,2250029
9/29/10,2241893
10/6/10,2250950
10/13/10,2253000
10/20/10,2248729
10/27/10,2238079
11/3/10,2243571
11/10/10,2256223
11/17/10,2258445
11/24/10,2289238
12/1/10,2290901
12/8/10,2325330
12/15/10,2329026
12/22/10,2371514
12/29/10,2363967
1/5/11,2383016
1/12/11,2415079
1/19/11,2372101
1/26/11,2390464
2/2/11,2416383
2/9/11,2447459
2/16/11,2455844
2/23/11,2480186
3/2/11,2492065
3/9/11,2524003
3/16/11,2530480
3/23/11,2548768
3/30/11,2569942
4/6/11,2596090
4/13/11,2612826
4/20/11,2633227
4/27/11,2638414
5/4/11,2666198
5/11/11,2691934
5/18/11,2705412
5/25/11,2722338
6/1/11,2736035
6/8/11,2758517
6/15/11,2774594
6/22/11,2803433
6/29/11,2812276
7/6/11,2818436
7/13/11,2826400
7/20/11,2819628
7/27/11,2811904
8/3/11,2815452
8/10/11,2820657
8/17/11,2806088
8/24/11,2807603
8/31/11,2801998
9/7/11,2806757
9/14/11,2811637
9/21/11,2805844
9/28/11,2798913
10/5/11,2807669
10/12/11,2808784
10/19/11,2800350
10/26/11,2793628
11/2/11,2769942
11/9/11,2787680
11/16/11,2779409
11/23/11,2768054
11/30/11,2760273
12/7/11,2766878
12/14/11,2848609
12/21/11,2862202
12/28/11,2872296
1/4/12,2863890
1/11/12,2845348
1/18/12,2865622
1/25/12,2865744
2/1/12,2870345
2/8/12,2873730
2/15/12,2883345
2/22/12,2878219
2/29/12,2871203
3/7/12,2830302
3/14/12,2839111
3/21/12,2838312
3/28/12,2823703
4/4/12,2811044
4/11/12,2812759
4/18/12,2821011
4/25/12,2812099
5/2/12,2809801
5/9/12,2809597
5/16/12,2796335
5/23/12,2804847
5/30/12,2787997
6/6/12,2797319
6/13/12,2814433
6/20/12,2816178
6/27/12,2808878
7/4/12,2811186
7/11/12,2811605
7/18/12,2801130
7/25/12,2792078
8/1/12,2796430
8/8/12,2801490
8/15/12,2778610
8/22/12,2771001
8/29/12,2758137
9/5/12,2767534
9/12/12,2768813
9/19/12,2766731
9/26/12,2749739
10/3/12,2753780
10/10/12,2756888
10/17/12,2792181
10/24/12,2786216
10/31/12,2768377
11/7/12,2775985
11/14/12,2822103
11/21/12,2815991
11/28/12,2796182
12/5/12,2805114
12/12/12,2862534
12/19/12,2865502
12/26/12,2852572
1/2/13,2862469
1/9/13,2874006
1/16/13,2909087
1/23/13,2956967
1/30/13,2953916
2/6/13,2960164
2/13/13,3019246
2/20/13,3040168
2/27/13,3035612
3/6/13,3053791
3/13/13,3110305
3/20/13,3151793
3/27/13,3147127
4/3/13,3160300
4/10/13,3172623
4/17/13,3239968
4/24/13,3263521
5/1/13,3262037
5/8/13,3269445
5/15/13,3299076
5/22/13,3343510
5/29/13,3329923
6/5/13,3345164
6/12/13,3355872
6/19/13,3415554
6/26/13,3423696
7/3/13,3437758
7/10/13,3449112
7/17/13,3482830
7/24/13,3519542
7/31/13,3516773
8/7/13,3530333
8/14/13,3591229
8/21/13,3590581
8/28/13,3589503
9/4/13,3599295
9/11/13,3607148
9/18/13,3667315
9/25/13,3679136
10/2/13,3692504
10/9/13,3703787
10/16/13,3758705
10/23/13,3784139
10/30/13,3788542
11/6/13,3796797
11/13/13,3852581
11/20/13,3851721
11/27/13,3870912
12/4/13,3877647
12/11/13,3938974
12/18/13,3953077
12/25/13,3977557
1/1/14,3968627
1/8/14,3973163
1/15/14,4016498
1/22/14,4042883
1/29/14,4047106
2/5/14,4054144
2/12/14,4063668
2/19/14,4093395
2/26/14,4104095
3/5/14,4115688
3/12/14,4125285
3/19/14,4165994
3/26/14,4170870
4/2/14,4180341
4/9/14,4188066
4/16/14,4227870
4/23/14,4240222
4/30/14,4239922
5/7/14,4246925
5/14/14,4280343
5/21/14,4271217
5/28/14,4266313
6/4/14,4274604
6/11/14,4284593
6/18/14,4311856
6/25/14,4312026
7/2/14,4320713
7/9/14,4327083
7/16/14,4341880
7/23/14,4354425
7/30/14,4350311
8/6/14,4353800
8/13/14,4375588
8/20/14,4356567
8/27/14,4357417
9/3/14,4359250
9/10/14,4365067
9/17/14,4393241
9/24/14,4402681
10/1/14,4393880
10/8/14,4399005
10/15/14,4417934
10/22/14,4425159
10/29/14,4430297
11/5/14,4430104
11/12/14,4432396
11/19/14,4436193
11/26/14,4429346
12/3/14,4429604
12/10/14,4431770
12/17/14,4445131
12/24/14,4452327
12/31/14,4440516
1/7/15,4442376
1/14/15,4458929
1/21/15,4455789
1/28/15,4442917
2/4/15,4443136
2/11/15,4444457
2/18/15,4439608
2/25/15,4429168
3/4/15,4430014
3/11/15,4431702
3/18/15,4438303
3/25/15,4422989
4/1/15,4424144
4/8/15,4425741
4/15/15,4427677
4/22/15,4431993
4/29/15,4413797
5/6/15,4414969
5/13/15,4443111
5/20/15,4422284
5/27/15,4405746
6/3/15,4407110
6/10/15,4409754
6/17/15,4429545
6/24/15,4436791
7/1/15,4420866
7/8/15,4422996
7/15/15,4435307
7/22/15,4442207
7/29/15,4427179
8/5/15,4428163
8/12/15,4431064
8/19/15,4428998
8/26/15,4416811
9/2/15,4417595
9/9/15,4419924
9/16/15,4429521
9/23/15,4438933
9/30/15,4425550
10/7/15,4427617
10/14/15,4446121
10/21/15,4442774
10/28/15,4430742
11/4/15,4431075
11/11/15,4433360
11/18/15,4428063
11/25/15,4418404
12/2/15,4419384
12/9/15,4421737
12/16/15,4430874
12/23/15,4437804
12/30/15,4447136
1/6/16,4447101
1/13/16,4462191
1/20/16,4449336
1/27/16,4442845
2/3/16,4443989
2/10/16,4446766
2/17/16,4444110
2/24/16,4450263
3/2/16,4438960
3/9/16,4441548
3/16/16,4446787
3/23/16,4452869
3/30/16,4442763
4/6/16,4444010
4/13/16,4459672
4/20/16,4450097
4/27/16,4434628
5/4/16,4437231
5/11/16,4438369
5/18/16,4433673
5/25/16,4421018
6/1/16,4421303
6/8/16,4423447
6/15/16,4432706
6/22/16,4441895
6/29/16,4426369
7/6/16,4430497
7/13/16,4432095
7/20/16,4440881
7/27/16,4424406
8/3/16,4426685
8/10/16,4428809
8/17/16,4426337
8/24/16,4433696
8/31/16,4417762
9/7/16,4419249
9/14/16,4441488
9/21/16,4432869
9/28/16,4411830
10/5/16,4419231
10/12/16,4417522
10/19/16,4427203
10/26/16,4414143
11/2/16,4412898
11/9/16,4414841
11/16/16,4413364
11/23/16,4425413
11/30/16,4405928
12/7/16,4408219
12/14/16,4430555
12/21/16,4428647
12/28/16,4411008
1/4/17,4412659
1/11/17,4412063
1/18/17,4420312
1/25/17,4412387
2/1/17,4413426
2/8/17,4415734
2/15/17,4414171
2/22/17,4428171
3/1/17,4417484
3/8/17,4419296
3/15/17,4429030
3/22/17,4437670
3/29/17,4429023
4/5/17,4434045
4/12/17,4443900
4/19/17,4438678
4/26/17,4429517
5/3/17,4430553
5/10/17,4432744
5/17/17,4426330
5/24/17,4430048
5/31/17,4419108
6/7/17,4421635
6/14/17,4435430
6/21/17,4433401
6/28/17,4422504
7/5/17,4426426
7/12/17,4425855
7/19/17,4436056
7/26/17,4424436
8/2/17,4425977
8/9/17,4428207
8/16/17,4421897
8/23/17,4422861
8/30/17,4411374
9/6/17,4412371
9/13/17,4430066
9/20/17,4417412
9/27/17,4414476
10/4/17,4419233
10/11/17,4418200
10/18/17,4428502
10/25/17,4419891
11/1/17,4414670
11/8/17,4417315
11/15/17,4407051
11/22/17,4409372
11/29/17,4397274
12/6/17,4395830
12/13/17,4411405
12/20/17,4406148
12/27/17,4407291
1/3/18,4402330
1/10/18,4404677
1/17/18,4397740
1/24/18,4399907
1/31/18,4377738
2/7/18,4379242
2/14/18,4393290
2/21/18,4370079
2/28/18,4354237
3/7/18,4356921
3/14/18,4368098
3/21/18,4362051
3/28/18,4353037
4/4/18,4346908
4/11/18,4344442